,timestamp,open,close,high,low,tx amt,tx vol
5,01/01/2023,1196.21,1194.07,1196.76,1191.54,2286.48417938,2730700.2716404318
4,01/01/2023,1194.07,1195.31,1195.58,1191.2,1391.7500113,1661454.182952713
3,01/01/2023,1195.05,1196.21,1197.46,1193.81,994.4908288,1188944.131487906
2,01/01/2023,1196.22,1196.67,1198.2,1193.37,1074.1379057,1284708.479978105
1,01/01/2023,1196.67,1201.71,1204.45,1195.67,3055.9277378,3667282.501857251
0,01/01/2023,1201.71,1200.54,1204.8,1199.31,1628.9009645,1957668.439341661
5,01/02/2023,1200.36,1201.85,1203.69,1193,2508.9524059,3002913.457173857
4,01/02/2023,1201.99,1212.98,1218.5,1199.67,4058.6813496,4903258.264554408
3,01/02/2023,1213.16,1217.2,1223.3,1211.98,3759.7449791,4575825.936509051
2,01/02/2023,1217.2,1218.98,1220.77,1213.93,2565.1518465,3122458.959399416
1,01/02/2023,1218.98,1218.83,1219.64,1215.77,1494.5877626,1819970.698737292
0,01/02/2023,1218.83,1213.98,1222.57,1210.99,2578.86540911,3138162.1162165054
5,01/03/2023,1213.98,1215.66,1216.62,1211.46,2696.8407816,3275005.321390351
4,01/03/2023,1215.66,1216.69,1219.79,1213.29,1552.5727519,1888557.091519698
3,01/03/2023,1216.69,1214.85,1218.53,1213.98,2065.7542247,2512468.995257214
2,01/03/2023,1214.85,1211.81,1219.23,1206.51,3892.2333083,4719850.091237101
1,01/03/2023,1212.08,1209.62,1212.79,1205.12,2499.7354629,3020672.62398422
0,01/03/2023,1209.61,1214.68,1216.1,1209.61,2095.9567298,2540517.659929856
5,01/04/2023,1214.69,1251.03,1254.58,1212.98,11840.75741536,14647083.1300607709
4,01/04/2023,1251.04,1252.39,1254.66,1247.46,5040.5098455,6305328.025556021
3,01/04/2023,1252.3,1251.6,1260.97,1248.42,4778.00507262,5983043.1106568238
2,01/04/2023,1251.59,1256.01,1258.08,1243.6,6027.90361232,7544225.5184575512
1,01/04/2023,1256,1254.32,1270.8,1250.87,10716.22689184,13498017.2041384866
0,01/04/2023,1254.33,1256.87,1257.4,1245.93,3241.0808857,4059644.575220309
5,01/05/2023,1256.86,1252.82,1259.91,1252,3440.8603591,4316315.933005632
4,01/05/2023,1252.82,1251,1254.74,1247.77,1988.72708,2489895.832576685
3,01/05/2023,1251.01,1255.6,1255.69,1245.73,3173.8268222,3968172.560648541
2,01/05/2023,1255.6,1249.26,1255.86,1243.11,3493.15256585,4365038.016757082
1,01/05/2023,1249.23,1253.76,1254.98,1246.52,3002.4918585,3754357.149063423
0,01/05/2023,1253.76,1251.07,1254.41,1248.21,1855.5766419,2323549.158471873
5,01/06/2023,1251.45,1250.98,1258.32,1248.25,2433.2460067,3049135.602651075
4,01/06/2023,1250.99,1247.9,1252.18,1246.3,1989.2388704,2484111.208304353
3,01/06/2023,1247.9,1243.35,1250.3,1237,4384.1588262,5461806.843325332
2,01/06/2023,1243.35,1263.3,1264.74,1236.24,9545.4302841,11930812.480018681
1,01/06/2023,1263.24,1273.06,1276.3,1260.2,6209.73258549,7868158.0479082562
0,01/06/2023,1273.05,1269.19,1276.32,1265.19,3573.3806541,4534796.595945772
5,01/07/2023,1269.2,1266.44,1270.95,1265.29,1698.438132,2153137.116621962
4,01/07/2023,1266.44,1266.67,1266.8,1262.15,1556.62472662,1968353.8893954776
3,01/07/2023,1266.68,1263.71,1266.86,1262.9,1440.0588364,1821675.59074238
2,01/07/2023,1263.72,1265.16,1265.73,1261.47,1410.5009606,1782570.561234767
1,01/07/2023,1265.16,1265.5,1266,1261.91,1649.6483506,2084902.444014198
0,01/07/2023,1265.51,1264.07,1266.64,1261.56,2435.11640706,3077929.5485524146
5,01/08/2023,1264.1,1262.89,1264.79,1258.07,2187.5107693,2758752.046279035
4,01/08/2023,1262.89,1263.5,1264.2,1262.25,1034.1300675,1306438.493682228
3,01/08/2023,1263.51,1261.59,1266.16,1260.58,2215.9649852,2799498.375035995
2,01/08/2023,1261.59,1275.01,1276,1261.27,2623.2382037,3327736.233659171
1,01/08/2023,1275,1265.24,1280,1261.88,3707.15776734,4698688.7709917852
0,01/08/2023,1265.23,1290.27,1295.1,1264.35,7051.95578362,9022074.3012104628
5,01/09/2023,1290.13,1309.98,1313,1285.26,10306.3459472,13381886.735022757
4,01/09/2023,1309.98,1311.8,1314.4,1307.5,3603.09880594,4722922.7945866024
3,01/09/2023,1311.73,1318.11,1327.79,1308.14,8006.2500994,10545990.118000694
2,01/09/2023,1318.22,1335.91,1341.99,1315.77,7630.7474731,10123659.078859495
1,01/09/2023,1335.91,1330.15,1344.79,1330.15,6641.8471908,8889187.758010815
0,01/09/2023,1330.13,1320.44,1331.51,1315.05,7411.0559369,9794660.411945758
5,01/10/2023,1320.43,1325.05,1329.3,1317.1,4808.8207441,6368127.244242379
4,01/10/2023,1324.84,1323.32,1328.58,1322.42,2707.5301685,3588119.015488022
3,01/10/2023,1323.33,1329.33,1334.68,1321.6,6098.66229124,8107205.360640317
2,01/10/2023,1329.33,1333.94,1340.44,1323.02,7950.8261857,10592361.050263952
1,01/10/2023,1333.93,1339.1,1344.25,1327.93,4226.747701,5648404.319740599
0,01/10/2023,1339.17,1335.83,1347.08,1333.72,5891.9077403,7894882.086648388
5,01/11/2023,1335.94,1331.06,1341.73,1327.39,4715.90184831,6299143.0031261635
4,01/11/2023,1331.07,1335.67,1335.82,1327.64,2562.1118522,3413110.159975666
3,01/11/2023,1335.67,1336.25,1337.79,1331.26,2399.9086137,3204249.844181243
2,01/11/2023,1336.25,1323.12,1336.25,1321.03,3988.78011,5307313.568873088
1,01/11/2023,1322.98,1342.82,1344.84,1321.88,5879.81992572,7853426.6129059906
0,01/11/2023,1342.93,1389.41,1397.56,1339.34,13965.86012923,19059799.5994423968
5,01/12/2023,1389.59,1400.91,1419.56,1385.82,13095.54225337,18348497.2082153001
4,01/12/2023,1400.92,1398.61,1405.2,1393.94,5793.3268393,8108195.043360552
3,01/12/2023,1398.61,1398.18,1402.79,1394.9,3917.7739309,5479470.47228329
2,01/12/2023,1398.06,1385.78,1409.27,1356.4,24835.34429612,34530808.8787336496
1,01/12/2023,1385.78,1425.65,1437.52,1382.94,15947.6025893,22560148.260696773
0,01/12/2023,1425.85,1415.85,1437.73,1414.3,6056.9508585,8637362.804540631
5,01/13/2023,1415.86,1414.74,1418.08,1400.92,4839.08076608,6815917.9862476196
4,01/13/2023,1414.74,1408.22,1415.5,1405.64,2647.3957566,3732178.232797824
3,01/13/2023,1408.29,1409.78,1419.07,1403.72,4757.7384418,6713617.189376813
2,01/13/2023,1409.94,1421.88,1424.33,1401.65,9298.42768338,13126752.953296538
1,01/13/2023,1421.87,1420,1424.79,1406.94,8605.2411388,12197154.264369688
0,01/13/2023,1420,1451.02,1464.51,1417.55,13101.7604103,18904483.820729392
5,01/14/2023,1451.03,1556.09,1594.2,1449.11,31947.48408854,49230446.4247378668
4,01/14/2023,1556.09,1553.54,1557.69,1540.97,5992.1184631,9294018.115099236
3,01/14/2023,1553.54,1530.41,1565.03,1504.84,13453.5763557,20594721.394755823
2,01/14/2023,1530.41,1525.69,1547.49,1507.76,9306.4877327,14231312.368998594
1,01/14/2023,1525.38,1529.66,1539.01,1523.51,5002.21139985,7658499.6406066215
0,01/14/2023,1529.46,1549.83,1559,1527.27,5535.388904,8555123.519743832
5,01/15/2023,1549.74,1525.51,1552.09,1515.75,6033.4256203,9212748.290248657
4,01/15/2023,1525.5,1528.93,1529.89,1521.51,1738.7044745,2654472.372920726
3,01/15/2023,1528.93,1533.58,1534.75,1518.78,3574.8800581,5461009.924780217
2,01/15/2023,1533.58,1556.18,1559.74,1528.98,5317.8896213,8201084.958008245
1,01/15/2023,1556.18,1550.38,1566.3,1533.24,7976.6959566,12362773.580030825
0,01/15/2023,1550.37,1552.39,1560.49,1542.12,3741.4266592,5802840.265671555
5,01/16/2023,1552.4,1568.84,1584.32,1540,11711.7505431,18352650.71589686
4,01/16/2023,1568.85,1566,1578.22,1563,5263.3632146,8268698.76838352
3,01/16/2023,1565.99,1542.41,1566.58,1522.95,6856.67206079,10580246.9165931728
2,01/16/2023,1542.41,1549.85,1553.28,1521.22,6029.6898252,9294522.510218163
1,01/16/2023,1549.55,1591.28,1603.74,1545.57,13492.85165578,21256431.9569481154
0,01/16/2023,1591.19,1576.88,1598.9,1572.12,6375.5738368,10095152.496878139
5,01/17/2023,1577,1563.63,1581.97,1541.97,7709.2525727,12040144.952134362
4,01/17/2023,1563.63,1563.23,1577,1558.28,3137.8887739,4914866.076552793
3,01/17/2023,1563.23,1569.16,1571.91,1558.33,2865.2722082,4482980.002223675
2,01/17/2023,1569.16,1571.48,1607.77,1561,12455.4542149,19684026.106354111
1,01/17/2023,1571.47,1588.69,1599.14,1563.9,7391.5348521,11706654.978157305
0,01/17/2023,1588.86,1565.21,1592.69,1563.6,4991.3383638,7877111.512751106
5,01/18/2023,1565.62,1581.83,1592.06,1562.9,5249.07459313,8288316.2444453228
4,01/18/2023,1581.83,1583.35,1589.98,1578.13,2785.7248589,4412847.238403101
3,01/18/2023,1583.34,1576.07,1583.86,1571.4,4015.9044658,6332385.925174959
2,01/18/2023,1576.04,1550,1610,1533.01,17854.40608206,28199707.1228346149
1,01/18/2023,1549.65,1541.73,1566.6,1501.31,19801.59514571,30425805.6201417189
0,01/18/2023,1541.99,1511.01,1544.58,1507.4,7574.1573278,11550446.067753575
5,01/19/2023,1511.42,1524.97,1528.26,1509.45,4724.0129502,7183126.446649286
4,01/19/2023,1524.97,1528.27,1532.55,1524.96,1967.0287158,3007800.4506014598
3,01/19/2023,1528.31,1519.6,1531.61,1516.14,2828.5433706,4313910.351883954
2,01/19/2023,1519.6,1532.86,1547.5,1513.46,6104.5719908,9340016.259820228
1,01/19/2023,1532.87,1551.77,1554.66,1522.81,6201.5370367,9541938.104265148
0,01/19/2023,1551.76,1551.18,1564.5,1544.22,6084.3757254,9461046.281797109
5,01/20/2023,1551.17,1554.14,1563.83,1545.4,3331.1596256,5175077.053093327
4,01/20/2023,1554.14,1550.23,1556.7,1542.01,3001.4708781,4649031.494486888
3,01/20/2023,1550.22,1549.34,1555.8,1545.32,2235.98164904,3467521.4729052186
2,01/20/2023,1549.35,1563.54,1569.39,1548.93,5017.10286062,7828928.7383817048
1,01/20/2023,1563.53,1600.34,1600.9,1561.47,13800.70383933,21922839.6295038277
0,01/20/2023,1600.36,1658.43,1670,1600.36,18160.36849819,29765565.5556539359
5,01/21/2023,1658.44,1648.71,1677,1642.42,6278.96689833,10405111.8245811215
4,01/21/2023,1648.57,1651.38,1654.57,1644.91,2859.0278325,4720854.102475542
3,01/21/2023,1651.39,1647.09,1679.53,1620,13967.36909615,23044867.9447824931
2,01/21/2023,1647.08,1647.19,1667.15,1643.64,7333.3793841,12123168.579309299
1,01/21/2023,1647.2,1663.55,1668.52,1645.91,5830.447094,9663829.656056296
0,01/21/2023,1663.55,1626.64,1667.96,1622.38,7380.9920867,12129381.068244107
5,01/22/2023,1626.64,1622.92,1636.49,1604.6,6543.8081345,10626130.901472895
4,01/22/2023,1622.75,1627.04,1631.29,1621.07,3048.7282775,4961364.63906007
3,01/22/2023,1627.04,1624.54,1631.8,1619.24,3459.1009323,5622235.501739343
2,01/22/2023,1624.54,1635.61,1650.26,1617.78,5788.9544519,9466328.565327945
1,01/22/2023,1635.61,1635.09,1663.01,1629.5,6416.63274662,10574110.4018543618
0,01/22/2023,1635.09,1627.43,1636.19,1607.01,8380.70812476,13594353.1711315886
5,01/23/2023,1627.43,1630.35,1642.53,1625.68,3287.7894136,5378385.013874577
4,01/23/2023,1630.35,1633.3,1637.78,1627.7,2839.3937572,4637811.704225349
3,01/23/2023,1633.3,1636.54,1639.67,1630.6,3915.6933401,6403511.578646157
2,01/23/2023,1636.54,1620.94,1647.38,1585,15654.92074985,25389875.0768615474
1,01/23/2023,1620.99,1620.02,1640.78,1609.92,8583.2329377,13939170.153626847
0,01/23/2023,1620.02,1626.39,1635.1,1618.56,5026.9410872,8188206.858082637
5,01/24/2023,1626.44,1638.99,1641.06,1622.72,4907.1230287,8016610.810965883
4,01/24/2023,1638.99,1635.67,1640.71,1633.21,2441.8762079,3996341.746522366
3,01/24/2023,1635.66,1625.69,1637.3,1614.51,6337.3787136,10289096.776013523
2,01/24/2023,1625.68,1620.28,1631.8,1604,7440.701954,12039419.874586043
1,01/24/2023,1620.66,1622.45,1624.29,1606.4,4392.98076602,7107679.6289123376
0,01/24/2023,1622.46,1556.22,1624.4,1532.4,16779.48050064,26441098.6923783872
5,01/25/2023,1556.22,1546.52,1557.28,1516.64,8841.0924325,13622032.8870061629
4,01/25/2023,1546.51,1553.8,1558.84,1544.93,4036.5716132,6259973.975115924
3,01/25/2023,1553.65,1545.85,1557.03,1537.68,4719.7286666,7304491.447210792
2,01/25/2023,1545.85,1544.07,1566.98,1525.02,8883.18325598,13750446.4868519918
1,01/25/2023,1544.07,1561.53,1562.33,1541.35,4854.3499581,7532487.730348987
0,01/25/2023,1561.53,1611.55,1642,1561.53,21891.76882902,35042606.8138004322
5,01/26/2023,1611.56,1614.84,1632.9,1610.2,7132.6332881,11547642.964130669
4,01/26/2023,1614.84,1604.77,1621.98,1598.07,4909.78780166,7907790.7810087522
3,01/26/2023,1604.72,1604.32,1610.45,1592.21,4862.0117746,7794782.647258479
2,01/26/2023,1604.33,1590.29,1620.92,1585.3,11159.2062683,17934842.623064431
1,01/26/2023,1590.29,1603.94,1607.34,1577.6,6046.9734508,9641820.156899485
0,01/26/2023,1603.94,1601.07,1610.98,1594.51,5048.3041312,8097218.555359753
5,01/27/2023,1601.07,1565.81,1606.41,1553.01,7824.30507672,12333881.318333237
4,01/27/2023,1565.81,1585.43,1589.58,1563.19,3865.2135275,6095616.247533883
3,01/27/2023,1585.43,1578.91,1586.09,1572.68,3040.2338235,4800414.906565569
2,01/27/2023,1578.9,1574.73,1594,1560,7988.94711766,12600135.3375989506
1,01/27/2023,1574.72,1609.68,1611.38,1574.23,7834.408331,12513816.202453352
0,01/27/2023,1609.67,1597.72,1621.06,1587,8818.8342666,14147715.926247755
5,01/28/2023,1597.71,1598.8,1606.65,1592.27,3398.4848845,5433894.275752511
4,01/28/2023,1598.81,1592.64,1603.28,1585.89,2611.6528916,4170444.031514126
3,01/28/2023,1592.65,1586.43,1594.1,1575.86,5597.38584811,8884121.1642011633
2,01/28/2023,1586.43,1578.44,1586.43,1562.76,6765.2910428,10648960.533069143
1,01/28/2023,1578.44,1577.03,1580.83,1569.9,3103.9996726,4889885.705183848
0,01/28/2023,1577.03,1572.16,1577.41,1556.02,3902.3284438,6113158.459262547
5,01/29/2023,1572.06,1594.24,1618.63,1566.28,11831.9159902,18927965.377212146
4,01/29/2023,1594.25,1592.58,1599.25,1588.33,2720.1564201,4337356.351756832
3,01/29/2023,1592.59,1609.27,1618.99,1589.17,6976.49114768,11194017.99152849
2,01/29/2023,1609.16,1611.53,1625,1603.58,5997.7718936,9678074.644925113
1,01/29/2023,1611.53,1654.18,1661.08,1605.49,13881.02533273,22708625.1229387729
0,01/29/2023,1654.14,1645.01,1655,1628.44,8163.8806194,13417914.027787446
5,01/30/2023,1645.01,1637.94,1647.51,1631.64,4581.4796343,7511249.35330633
4,01/30/2023,1637.93,1627.61,1641.36,1621.76,3265.748116,5330737.808147773
3,01/30/2023,1627.5,1581.77,1630,1576,13389.04628401,21395763.0664828207
2,01/30/2023,1581.6,1584.79,1597.09,1567.5,9632.15940035,15233818.7721982003
1,01/30/2023,1584.78,1554.12,1590.42,1533.01,10850.87060375,16988235.6619700743
0,01/30/2023,1554.12,1565.96,1567.74,1536.25,6617.65689304,10296584.5666630072
5,01/31/2023,1565.96,1568.9,1575.89,1561.76,4348.6255217,6823989.587122482
4,01/31/2023,1568.91,1580.14,1581.04,1561.45,2872.9136765,4511288.470240336
3,01/31/2023,1579.91,1570.96,1583.7,1565.78,2701.550494,4251116.339962885
2,01/31/2023,1570.96,1588.77,1596.06,1570.96,5782.8280301,9154294.820133601
1,01/31/2023,1588.93,1597.36,1605.56,1586.79,4548.257274,7250033.360494057
0,01/31/2023,1597.36,1585.38,1600.54,1564,7747.47847516,12251898.1695468514
5,02/01/2023,1585.38,1584.5,1592.88,1576.66,3374.38400446,5347848.325877677
4,02/01/2023,1584.49,1575.49,1585.6,1569.95,2014.6743325,3181082.797251745
3,02/01/2023,1575.42,1580.85,1583.59,1566.5,3151.481265,4960133.59111903
2,02/01/2023,1580.85,1575.67,1589.68,1572.4,4957.8226244,7841511.032937292
1,02/01/2023,1575.42,1617.53,1627.57,1555.3,16757.51778671,26605491.9963654889
0,02/01/2023,1617.53,1641.65,1648.15,1613.55,14353.5865771,23467966.801563305
5,02/02/2023,1641.65,1671.26,1697.1,1639.34,12325.05963481,20625824.7105237151
4,02/02/2023,1671.27,1664.27,1676.63,1660.5,3002.243423,5011127.770042375
3,02/02/2023,1664.27,1672.37,1674.6,1661.09,3357.982007,5601574.267375656
2,02/02/2023,1671.8,1678.23,1689.6,1650.1,8553.45395904,14287489.8587312654
1,02/02/2023,1678.4,1675.08,1714.07,1666.43,12542.51323406,21165368.2918886286
0,02/02/2023,1675.09,1643.19,1686.24,1627.5,8792.7907218,14578230.145904924
5,02/03/2023,1643.36,1642.16,1650.4,1630.69,4675.4856147,7677828.130545635
4,02/03/2023,1642.17,1637.85,1647.1,1636.5,2528.1480289,4150687.146767772
3,02/03/2023,1637.85,1648.95,1650.6,1630.13,3256.0616555,5341028.934417852
2,02/03/2023,1648.93,1663.77,1673.98,1625.36,13762.96099553,22707784.2265992819
1,02/03/2023,1663.76,1653,1675.6,1650.77,5821.2622096,9666466.266323758
0,02/03/2023,1652.98,1663.37,1671.73,1642,4759.7204452,7896578.896225211
5,02/04/2023,1663.37,1654.4,1665.9,1650.64,2595.51198327,4306153.9510029495
4,02/04/2023,1654.4,1658.3,1660.3,1645.35,2562.8515161,4234804.329831966
3,02/04/2023,1658.25,1662.05,1662.5,1651.55,2113.431366,3504433.450452525
2,02/04/2023,1662.06,1679.56,1695.46,1660.81,6770.5812969,11373452.582052763
1,02/04/2023,1679.55,1675.89,1685.12,1672.14,4370.6288441,7337721.119547698
0,02/04/2023,1675.84,1666.39,1689.03,1658.8,4253.2877525,7123961.976776829
5,02/05/2023,1666.55,1660.86,1671,1657,3279.9030433,5459620.122932371
4,02/05/2023,1660.92,1667.99,1671.29,1659.77,1985.1957719,3306376.908727707
3,02/05/2023,1668,1662.42,1673.8,1660.83,2391.1301668,3987512.289736406
2,02/05/2023,1662.42,1644.39,1664.59,1636.55,8301.7719474,13696795.043356868
1,02/05/2023,1644.21,1619.32,1647.5,1609,9113.3751874,14829144.372719189
0,02/05/2023,1619.31,1629.06,1639.6,1611.76,4481.37362787,7288463.429715109
5,02/06/2023,1629.06,1626.71,1642.58,1617.99,3477.0154737,5675081.942947323
4,02/06/2023,1626.71,1635.48,1635.59,1608.61,3942.5578946,6395205.196281039
3,02/06/2023,1635.59,1634.9,1637.79,1622.4,3683.5202203,6007912.177339187
2,02/06/2023,1634.89,1648.38,1649.09,1619.89,6705.296824,10942450.765952408
1,02/06/2023,1648.37,1648.2,1658.41,1639.86,7995.96980099,13175339.2746807981
0,02/06/2023,1648.2,1614.18,1649.2,1605.33,7534.76567434,12242564.4042593538
5,02/07/2023,1614.17,1633.27,1635.33,1612.9,3779.6922779,6138383.247453009
4,02/07/2023,1633.36,1632.16,1637.7,1630.78,2592.6308886,4236456.063961205
3,02/07/2023,1632.16,1640.62,1647.78,1628.4,4085.0762124,6697124.221268764
2,02/07/2023,1640.62,1630.85,1644.9,1626.46,3572.9772717,5850499.918167281
1,02/07/2023,1630.71,1656.5,1678.02,1624.38,14936.10791388,24652687.7195011485
0,02/07/2023,1656.72,1670.98,1677.6,1650.61,5868.32652008,9778564.9816262684
5,02/08/2023,1670.98,1680.85,1697.54,1668.01,6939.555935,11674163.0948315
4,02/08/2023,1680.84,1677.55,1682.82,1672.11,2452.3428872,4111863.536096371
3,02/08/2023,1677.35,1673.98,1677.73,1668.1,4087.2389025,6837052.744696397
2,02/08/2023,1674,1653.45,1682.29,1650.85,8736.8206219,14570916.310051558
1,02/08/2023,1653.44,1647.82,1659.79,1630.8,10723.2301551,17658398.480076358
0,02/08/2023,1647.81,1650.34,1655.89,1637.91,4577.2897912,7544900.132367263
5,02/09/2023,1650.34,1619.3,1655.8,1609.84,9880.4986071,16090270.320616602
4,02/09/2023,1619.39,1630.15,1636.44,1610.7,4814.1615755,7825558.81309742
3,02/09/2023,1630.15,1633.06,1639.6,1630.15,2782.6564628,4545924.346217478
2,02/09/2023,1632.83,1632.09,1648.93,1625.74,6481.1310658,10619298.741734357
1,02/09/2023,1632.09,1579.71,1633.64,1558.5,14642.16622931,23438128.062326592
0,02/09/2023,1579.45,1545.47,1582.33,1524.28,13903.5327816,21555592.794473899
5,02/10/2023,1545.47,1543.35,1554.46,1542.04,4106.296129,6357379.218335367
4,02/10/2023,1543.36,1551.9,1552.75,1529.49,4910.9429733,7571403.019571823
3,02/10/2023,1551.89,1536.88,1554.8,1533.91,4175.23146038,6457372.0807813308
2,02/10/2023,1537.02,1522.42,1547.85,1505.53,7918.53295255,12129464.7637994857
1,02/10/2023,1522.43,1534.59,1539.15,1514.8,6216.4794165,9484275.783469154
0,02/10/2023,1534.59,1513.3,1535.73,1490.46,6901.78285874,10433791.3433242678
5,02/11/2023,1512.94,1520.3,1523.69,1507.57,3117.7563009,4724046.948267487
4,02/11/2023,1520.3,1520.77,1523.2,1514.81,1663.8792731,2527091.475707051
3,02/11/2023,1520.77,1520.16,1525.9,1515.67,2055.0281667,3124669.345785525
2,02/11/2023,1520.17,1522.65,1526.7,1514.92,2597.7869754,3952992.263722408
1,02/11/2023,1522.65,1518.62,1522.75,1506,3490.4947401,5291397.571413807
0,02/11/2023,1518.63,1538.45,1544.24,1516.59,4318.6825413,6619506.722498361
5,02/12/2023,1538.45,1531.37,1539.45,1530.3,2327.18845474,3570622.0572965762
4,02/12/2023,1531.21,1530.89,1534.6,1528.88,1514.0444419,2319402.984864557
3,02/12/2023,1530.89,1533.41,1540.5,1530.89,1874.1779128,2876294.087660118
2,02/12/2023,1533.4,1536.1,1541.27,1521.17,4225.7571325,6465448.944696967
1,02/12/2023,1536.2,1539.28,1547.75,1534.51,4379.1915424,6752028.693116167
0,02/12/2023,1539.48,1515.18,1542.06,1493.19,9029.50687413,13668286.0734688382
5,02/13/2023,1515.18,1516.83,1524.96,1496.78,6481.9859512,9791883.142785514
4,02/13/2023,1516.83,1522.75,1526.16,1516.04,3094.6263798,4704981.667725814
3,02/13/2023,1522.75,1485.87,1523.02,1466.11,11430.60003728,17013427.9400200618
2,02/13/2023,1485.87,1475.76,1491.67,1475.41,5610.68693395,8327170.9700640305
1,02/13/2023,1475.76,1490.77,1494.06,1461.77,10356.2114634,15313922.498729912
0,02/13/2023,1490.76,1505.45,1510.33,1482.53,4601.5983921,6883756.82464012
5,02/14/2023,1505.56,1498.29,1508.67,1494.21,3428.2162289,5145912.573576417
4,02/14/2023,1498.29,1505.97,1507.78,1496.79,1900.819519,2855939.230207804
3,02/14/2023,1505.97,1507.5,1519.42,1497.05,4100.6591602,6178948.518473836
2,02/14/2023,1507.58,1544.69,1568.89,1485,27236.794259,41593095.681425778
1,02/14/2023,1544.7,1560.25,1564.01,1533.8,10516.16896375,16282979.0729179635
0,02/14/2023,1560.25,1555.66,1563.84,1549.41,5492.8603212,8548672.307308132
5,02/15/2023,1555.66,1549.2,1557.21,1542.7,3774.6923426,5847892.82260613
4,02/15/2023,1549.2,1547.51,1552.19,1544.8,2068.5625239,3204518.23993052
3,02/15/2023,1547.62,1572.41,1578,1544.5,4886.58927199,7614874.1944274057
2,02/15/2023,1572.5,1579.71,1593.3,1566.93,11265.79140034,17798614.6108994808
1,02/15/2023,1579.7,1628.45,1629.54,1573.61,10687.1821304,17098369.761772459
0,02/15/2023,1628.45,1674.84,1681.3,1624.37,20306.84505052,33697530.0195287286
5,02/16/2023,1674.83,1691.42,1713,1672.61,11086.02899211,18769800.8589917717
4,02/16/2023,1691.33,1681.9,1697.44,1674.62,5975.6993897,10083707.079665728
3,02/16/2023,1681.9,1682.98,1692.66,1678.15,5453.3118693,9188374.244007668
2,02/16/2023,1682.98,1724.41,1727.98,1665.29,12753.35952927,21572114.3623957927
1,02/16/2023,1724.36,1710.65,1742.43,1686.07,14589.36812471,25028498.2257132637
0,02/16/2023,1710.65,1638.41,1710.72,1633.9,14393.30347417,23970826.884923717
5,02/17/2023,1638.12,1663.7,1669.77,1631,6642.6959129,10977150.813546376
4,02/17/2023,1663.71,1653.52,1665.13,1652,2943.1630888,4880973.846569896
3,02/17/2023,1653.52,1666.39,1676.16,1648.77,4549.25285572,7559625.9628117486
2,02/17/2023,1666.38,1673.42,1683.65,1646.52,9570.29827307,15963322.4261286169
1,02/17/2023,1673.24,1706.22,1709.19,1662.41,11917.49953,20138113.419540635
0,02/17/2023,1706.29,1693.72,1721.8,1670.07,13287.64568512,22561720.4691237068
5,02/18/2023,1693.71,1699.29,1703.9,1692.31,3216.8611979,5461084.487596386
4,02/18/2023,1699.28,1690.46,1703.97,1685,2743.25387553,4653609.8448107591
3,02/18/2023,1690.45,1691.61,1695.5,1686.04,2633.1373929,4453669.906900723
2,02/18/2023,1691.6,1695.81,1699.35,1686.64,3116.7044573,5282912.602672226
1,02/18/2023,1695.5,1687.65,1712.8,1682.89,3917.4401802,6642584.929962681
0,02/18/2023,1687.74,1691.73,1693.59,1679.62,2327.7858866,3925768.153071438
5,02/19/2023,1691.73,1695.42,1700.49,1689.46,2541.2589939,4308706.759460256
4,02/19/2023,1695.42,1693.21,1710,1692.4,2713.367523,4612228.904953774
3,02/19/2023,1693.22,1695.37,1700.85,1690.63,1734.7769867,2940805.430591556
2,02/19/2023,1695.37,1711.7,1724,1694.59,4587.5140157,7826694.398688733
1,02/19/2023,1711.7,1684.95,1726.2,1676.42,8148.995486,13818738.559168959
0,02/19/2023,1684.95,1679.78,1689.07,1666.41,5412.1242564,9096493.112470758
5,02/20/2023,1679.69,1684.51,1687.07,1651,5172.8972708,8643593.527392708
4,02/20/2023,1684.51,1696.01,1698,1683.82,3739.2399971,6326996.504715068
3,02/20/2023,1696.01,1713.5,1719.78,1688.26,5697.5814916,9729107.487829579
2,02/20/2023,1713.74,1706.86,1716.05,1697,5497.4634211,9389857.443847823
1,02/20/2023,1706.86,1710.07,1711.01,1684.89,4893.74707954,8312166.3051995276
0,02/20/2023,1709.81,1703.5,1711.96,1692.28,2626.70201,4471399.232450755
5,02/21/2023,1703.5,1702.86,1716.5,1698.16,4195.499618,7162257.235424507
4,02/21/2023,1702.86,1704.12,1709.54,1695.13,3002.0555091,5105983.141659209
3,02/21/2023,1704.15,1669.94,1715,1666.39,8288.20967572,13954613.5006604798
2,02/21/2023,1669.94,1672.22,1686.11,1659.2,6763.1734959,11316481.585555252
1,02/21/2023,1672.22,1672.09,1686.3,1655.91,4760.4590095,7953952.487622382
0,02/21/2023,1672.08,1659.7,1674.21,1636.1,6518.53444051,10772078.1939883936
5,02/22/2023,1659.62,1649.47,1667.22,1622,6761.7705453,11128292.505798901
4,02/22/2023,1649.56,1644.33,1649.99,1632,3478.686389,5706906.539192915
3,02/22/2023,1644.34,1644.5,1645.91,1625.21,3856.0166955,6316101.055130874
2,02/22/2023,1644.49,1613.66,1650.4,1605.2,6669.01004885,10846532.2625962925
1,02/22/2023,1613.57,1616.35,1630.3,1596,7725.4240846,12462357.939815129
0,02/22/2023,1616.34,1643.17,1645.09,1610.94,4105.19264076,6691913.533061775
5,02/23/2023,1643.17,1667.19,1678.9,1637.6,8071.8827675,13387927.372545414
4,02/23/2023,1667.19,1666.56,1671.33,1659.33,2519.53216275,4198638.1585666085
3,02/23/2023,1666.56,1637.53,1672.97,1630,5778.61914999,9540512.0862152371
2,02/23/2023,1637.42,1655.8,1671.34,1628.55,8417.3043269,13922454.027544563
1,02/23/2023,1655.79,1653.04,1661.58,1636.1,5688.7239582,9386110.080901885
0,02/23/2023,1653.03,1650.5,1658.32,1639.01,2172.731153,3584297.170576038
5,02/24/2023,1650.51,1649.32,1664.95,1646.2,3720.1967743,6150814.66419326
4,02/24/2023,1649.31,1651.83,1656.65,1641.3,2335.1183523,3849784.10072304
3,02/24/2023,1651.82,1647.34,1657.63,1642.8,2891.9994748,4770448.567836201
2,02/24/2023,1647.33,1602.88,1654.09,1600,7958.81316278,12950437.9522188021
1,02/24/2023,1602.88,1610.69,1611.52,1575.61,11387.85954937,18123075.609887598
0,02/24/2023,1610.82,1607.91,1623.1,1594.3,5463.7774678,8796097.446834807
5,02/25/2023,1607.92,1598.66,1609.08,1595.4,1928.76332918,3091361.5613622604
4,02/25/2023,1598.66,1603.9,1604.07,1594.47,1937.6359488,3098228.313585434
3,02/25/2023,1603.9,1600.02,1607.4,1596,2162.7206339,3463776.637478861
2,02/25/2023,1600.03,1596.9,1603.79,1592.01,2394.09004536,3827004.7108367594
1,02/25/2023,1596.9,1584.72,1600.74,1576,3430.8650667,5451563.241179019
0,02/25/2023,1584.72,1594.57,1597.09,1557.39,5231.66879918,8250891.324702226
5,02/26/2023,1594.56,1602.88,1606.1,1587.78,2552.745817,4077095.258882232
4,02/26/2023,1602.88,1600.05,1603.68,1596.18,1310.1011913,2097226.382546721
3,02/26/2023,1600.05,1603.99,1607.04,1597.4,2023.0158633,3242387.768163684
2,02/26/2023,1603.96,1605.11,1615.61,1594.81,3278.7400864,5261927.74861478
1,02/26/2023,1605.11,1633.34,1636.04,1596.92,4545.9838537,7353229.301212384
0,02/26/2023,1633.16,1641.42,1652.01,1622.9,5025.6485852,8239065.498523501
5,02/27/2023,1641.42,1640.56,1650,1632.01,2298.0960466,3771718.381085628
4,02/27/2023,1640.55,1636.15,1641.01,1631.21,2032.2110613,3325929.587071107
3,02/27/2023,1636.16,1641.1,1643.35,1632.12,2060.8392946,3375782.838174395
2,02/27/2023,1641.1,1644.08,1665,1636.9,8599.8962893,14224694.123837363
1,02/27/2023,1644.13,1622.25,1646.58,1615.8,7148.3630858,11650002.876885552
0,02/27/2023,1622.24,1633.66,1636.28,1608.08,3853.50830549,6258889.098768781
5,02/28/2023,1633.67,1632.94,1635.85,1627,2131.9560675,3478217.316113068
4,02/28/2023,1632.94,1619.14,1632.99,1618.02,2228.0483659,3622767.979385171
3,02/28/2023,1619.38,1629.58,1631.67,1616.74,2007.1442733,3258615.785877375
2,02/28/2023,1629.57,1641.03,1647.49,1628.8,4741.9686505,7761667.333253185
1,02/28/2023,1641.04,1627.83,1646.2,1622.52,3782.9657654,6192580.039930889
0,02/28/2023,1627.84,1605.26,1632.9,1597.05,8088.67902153,13032489.0294278984
5,03/01/2023,1605.46,1638.13,1640.2,1594.63,5955.7290075,9644568.580272588
4,03/01/2023,1638.12,1650.36,1661.49,1635.66,5152.33504707,8504989.1327782803
3,03/01/2023,1650.4,1656.2,1669.25,1648.9,2885.849663,4778402.598244975
2,03/01/2023,1656.2,1657.54,1669.72,1646.54,11538.2830414,19100946.547886377
1,03/01/2023,1657.44,1634.93,1660.07,1631.23,14019.8731092,23151331.525966532
0,03/01/2023,1634.68,1664.93,1666,1631.6,6875.02983292,11320244.5798888841
5,03/02/2023,1664.92,1647.9,1677.87,1644.25,4425.64693187,7345195.0670797214
4,03/02/2023,1647.9,1644.25,1651.54,1639.11,1785.5542399,2937896.825665215
3,03/02/2023,1644.25,1644.34,1648.65,1637.83,2406.587067,3954235.52465649
2,03/02/2023,1644.35,1628.25,1645.29,1619.42,7523.1082003,12261147.889556068
1,03/02/2023,1628.25,1648.43,1652.5,1621.51,6270.5166562,10257926.806759929
0,03/02/2023,1648.43,1647.84,1658,1640.4,3593.8105186,5922980.144890455
5,03/03/2023,1647.84,1565.55,1649.23,1543,21403.56300197,33764876.9249974088
4,03/03/2023,1565.54,1568.27,1576.6,1562.33,5886.0529977,9231883.77586417
3,03/03/2023,1568.14,1564.62,1574.26,1564,4107.8861025,6443746.329981499
2,03/03/2023,1564.61,1566.35,1580.63,1560.74,4882.83748438,7663135.8515858308
1,03/03/2023,1566.36,1565.58,1574.6,1551,4689.07186586,7335198.031435254
0,03/03/2023,1565.58,1569.48,1571.15,1547.41,4257.1733328,6643771.994130583
5,03/04/2023,1569.49,1570.96,1577.22,1568.25,2303.597435,3621959.859465379
4,03/04/2023,1570.97,1568.76,1572.99,1562.8,2082.5358461,3266839.567776316
3,03/04/2023,1568.75,1569.18,1571.42,1566.83,1523.9148981,2390888.946077272
2,03/04/2023,1569.18,1562.08,1572.05,1562,1872.7126201,2935764.984553412
1,03/04/2023,1562.09,1559.49,1565.6,1556.93,2201.5418522,3439353.919789053
0,03/04/2023,1559.5,1566.8,1568.68,1549.21,3598.0840232,5607800.471022222
5,03/05/2023,1566.8,1567.9,1588.79,1553.21,6967.223972,10961070.64727187
4,03/05/2023,1567.9,1568.57,1573.69,1567.76,1232.2977738,1934846.812195365
3,03/05/2023,1568.57,1568.58,1573.34,1564.1,1595.6242688,2503534.716205541
2,03/05/2023,1568.59,1569.12,1574.3,1567.94,2613.13025115,4103787.4438442285
1,03/05/2023,1569.13,1566.21,1571.99,1563.3,1636.1694068,2566322.35586161
0,03/05/2023,1566.2,1564.64,1578.72,1556.93,4850.55215249,7594310.7582577776
5,03/06/2023,1564.63,1562.56,1572.8,1556.65,3777.9334101,5903767.861492783
4,03/06/2023,1562.56,1561.36,1565.19,1554.68,2017.4411182,3148612.215969753
3,03/06/2023,1561.36,1563.42,1568.28,1558,1874.75944954,2932533.0109561406
2,03/06/2023,1563.43,1577.99,1583.31,1561.38,3413.3393283,5362487.59063914
1,03/06/2023,1578,1566.11,1580.97,1562.73,4373.56402225,6878299.9837528115
0,03/06/2023,1566.12,1565.8,1571.42,1559.32,3169.3656349,4964978.197202396
5,03/07/2023,1565.8,1575.12,1583.79,1561.54,4329.7834839,6810865.87752824
4,03/07/2023,1575.12,1571.29,1577.02,1570.92,1948.6248949,3066431.404211686
3,03/07/2023,1571.28,1563.08,1571.41,1562.62,2732.462059,4281051.470643634
2,03/07/2023,1563.26,1560.87,1573,1536,10186.29064807,15849843.9981057785
1,03/07/2023,1560.87,1551.23,1565.38,1547.97,5498.05943681,8557676.8129235227
0,03/07/2023,1551.08,1562.1,1563.6,1543.4,4829.8051533,7490184.84432736
5,03/08/2023,1562.1,1562.13,1570.9,1557.73,3787.4188082,5929639.721776
4,03/08/2023,1562.13,1551.3,1563.39,1548.13,2522.6772887,3922426.37489407
3,03/08/2023,1551.3,1557.29,1561.58,1549.88,2430.605908,3783317.812231617
2,03/08/2023,1557.29,1560.22,1565.75,1540.98,6629.7827296,10299771.7828723
1,03/08/2023,1560.23,1552.59,1564.92,1548.6,3357.1927207,5220490.633843827
0,03/08/2023,1552.59,1532.61,1561.04,1522.67,6238.29330512,9623400.6490945706
5,03/09/2023,1532.6,1541.57,1544.9,1531.41,3161.9228548,4861166.766864956
4,03/09/2023,1541.57,1536.83,1541.73,1536.21,1432.5518984,2204487.066878095
3,03/09/2023,1537.03,1535.33,1538.99,1523.8,3463.5799451,5306620.305200199
2,03/09/2023,1535.34,1533.85,1546.26,1527.31,3273.8270251,5031507.816648689
1,03/09/2023,1533.85,1488,1537.64,1481.26,13307.89820454,20076868.352068861
0,03/09/2023,1488.2,1437.51,1489.66,1409.36,22571.42725979,32609065.6253323902
5,03/10/2023,1437.5,1426.28,1437.51,1409.32,9357.03581334,13335520.2224683604
4,03/10/2023,1426.28,1412.08,1426.53,1391.53,8434.2825855,11900288.938213443
3,03/10/2023,1412.08,1384.5,1413.25,1366.96,10291.0270408,14285700.233620528
2,03/10/2023,1384.5,1417.09,1434.43,1381.67,20315.7154217,28545754.402460851
1,03/10/2023,1417.09,1423.45,1438.29,1400.61,10339.9575078,14630308.639830261
0,03/10/2023,1423.52,1426.47,1433.15,1406.61,9564.2161285,13599143.2000238098
5,03/11/2023,1426.47,1458.51,1475,1424.81,18314.81094023,26633869.0401574642
4,03/11/2023,1458.28,1417.09,1466.26,1414.73,16818.0850815,24381881.72747745
3,03/11/2023,1417.08,1427.27,1450.48,1408.41,13043.1698736,18634824.726048924
2,03/11/2023,1427.24,1428.21,1435.81,1425.59,4427.742876,6334920.649187747
1,03/11/2023,1428.21,1448.99,1456.24,1422.18,8630.17132057,12450388.7124167739
0,03/11/2023,1448.99,1472.07,1477.57,1448.99,6212.3217957,9090534.170447886
5,03/12/2023,1472.07,1466.75,1473.78,1453.5,5346.4442243,7828694.936782171
4,03/12/2023,1466.75,1459.5,1471.12,1454.04,3578.3283741,5235705.892479757
3,03/12/2023,1459.5,1465.23,1467.36,1458.2,2990.64371608,4374650.161289138
2,03/12/2023,1465.23,1456.12,1466.09,1449.12,4771.6698394,6951951.871695336
1,03/12/2023,1456.12,1512.21,1547.5,1453.88,19720.7079464,29825302.7144079388
0,03/12/2023,1512.31,1579.95,1594.83,1510.45,19730.77499103,30769288.8670563496
5,03/13/2023,1579.81,1588.27,1621.7,1572.98,12860.72420296,20523532.8778294234
4,03/13/2023,1588.1,1606.67,1615.85,1587.04,8194.4540784,13111166.113232492
3,03/13/2023,1606.67,1581,1608.16,1564,11236.1366658,17808119.854022149
2,03/13/2023,1580.99,1664.32,1694.3,1572.5,28589.84705961,46933775.6238256984
1,03/13/2023,1664.42,1677.6,1685.32,1647.32,10664.851811,17796844.522438354
0,03/13/2023,1677.73,1673.64,1681.1,1659.72,4546.42367855,7592121.273372894
5,03/14/2023,1673.74,1677.19,1684,1662.68,5034.96730166,8424545.8975816402
4,03/14/2023,1677.23,1666.45,1694.07,1660,5074.08396315,8495623.752072628
3,03/14/2023,1666.77,1683.51,1689.62,1655.57,5926.1474398,9920725.369537357
2,03/14/2023,1683.52,1769.46,1777,1670.85,27510.20729464,47647987.276516415
1,03/14/2023,1769.45,1719.77,1774.66,1687.91,15744.35519431,27302641.4659102592
0,03/14/2023,1720.02,1699.61,1726.79,1660,9570.6580235,16230087.107809742
5,03/15/2023,1699.37,1701.37,1716.56,1681.69,6390.4723323,10879953.975285189
4,03/15/2023,1701.37,1705.02,1707.58,1693,3064.5945813,5213566.603843414
3,03/15/2023,1704.65,1679.54,1705.51,1651.9,6383.08687332,10726604.4448922698
2,03/15/2023,1679.54,1634.08,1697.74,1626.1,11777.16557733,19560376.5945806455
1,03/15/2023,1634.34,1647.63,1655.5,1611.4,10399.92498288,16990073.8928873772
0,03/15/2023,1647.7,1650.23,1664.27,1638,4467.76827561,7371179.1109589459
5,03/16/2023,1650.23,1646.19,1659.37,1631.88,3146.47072185,5180371.872566066
4,03/16/2023,1646.19,1655.54,1659.63,1636.9,2973.9871223,4901256.426261422
3,03/16/2023,1655.7,1660.23,1669.97,1639.51,5405.9636999,8953863.393740814
2,03/16/2023,1660.57,1662.72,1666.28,1636.32,5541.6139896,9164688.048837655
1,03/16/2023,1662.91,1679.7,1691.42,1652.9,5635.1919313,9391307.035572684
0,03/16/2023,1679.7,1673.49,1681.86,1652.6,3813.8102422,6367350.497853721
5,03/17/2023,1673.49,1708.23,1724.4,1662.82,7520.3089198,12762499.662700593
4,03/17/2023,1708.4,1715.77,1731,1696.51,4933.75980418,8447868.5950682038
3,03/17/2023,1715.77,1760.99,1763.59,1710.8,9589.6101225,16611972.308591592
2,03/17/2023,1761,1717.5,1761.87,1703.15,10116.24772818,17490933.9594304117
1,03/17/2023,1717.4,1743.53,1743.96,1709.7,5910.0611144,10203227.686256315
0,03/17/2023,1743.53,1789.21,1799.4,1732.49,11830.7435951,20922997.929169498
5,03/18/2023,1789.21,1810.57,1831.99,1767.62,10138.05829957,18348528.8738554391
4,03/18/2023,1810.47,1814.12,1821.41,1801.71,2751.5564761,4982843.213684233
3,03/18/2023,1814.12,1813.2,1817.51,1791.02,3496.28782228,6322773.41144673
2,03/18/2023,1813.21,1785.64,1841.49,1775.24,7967.8429239,14424017.818598976
1,03/18/2023,1785.64,1790.01,1803.28,1746.2,7733.07130937,13762149.8408340654
0,03/18/2023,1790.02,1758.67,1800.9,1751.29,4000.2251836,7094486.53804307
5,03/19/2023,1758.68,1782.23,1785.98,1757.96,2276.6702967,4042992.594332691
4,03/19/2023,1782.23,1774.7,1786.4,1761.66,1797.75788423,3190386.0130806628
3,03/19/2023,1774.71,1784.39,1788.69,1765.81,2750.5937301,4884494.000398722
2,03/19/2023,1784.67,1793.95,1812.3,1773.28,4848.8153939,8676746.185087005
1,03/19/2023,1793.88,1821.47,1841.2,1791.93,8246.67562688,14989179.2134315615
0,03/19/2023,1821.03,1780.7,1827.8,1773.43,5900.96748391,10628057.0266370214
5,03/20/2023,1780.74,1751.25,1785.33,1742,7802.2903165,13750757.733123478
4,03/20/2023,1751.04,1791.36,1793.34,1737.3,5024.4705038,8861348.747107004
3,03/20/2023,1791.55,1779.13,1803,1767.25,6626.3567552,11823648.266568437
2,03/20/2023,1779.4,1762.68,1782.33,1751.3,5690.9415371,10056794.900005009
1,03/20/2023,1762.68,1752.69,1768.69,1741.07,5119.3449422,8986206.300981594
0,03/20/2023,1752.69,1732.79,1761.57,1723.32,5949.0224095,10364937.261020338
5,03/21/2023,1732.62,1746.01,1757.55,1728.93,3377.2003323,5897184.007431564
4,03/21/2023,1746,1730.22,1753.99,1717.4,3614.05477022,6268352.7254136203
3,03/21/2023,1730.22,1761.41,1767.59,1725,3649.70995,6377622.446259814
2,03/21/2023,1761.41,1812.61,1834.99,1758.21,11674.3098661,21072249.303251879
1,03/21/2023,1812.61,1791.02,1825.64,1772.64,8557.0205699,15395694.502753107
0,03/21/2023,1791.01,1800.97,1805.5,1780.89,3437.5508119,6166855.877135237
5,03/22/2023,1801.08,1799.62,1807.5,1778.27,2728.9746427,4896774.483863075
4,03/22/2023,1799.49,1792.53,1807.39,1787.15,1858.8038361,3342211.75842299
3,03/22/2023,1792.54,1785.45,1793.88,1781.3,2252.0053891,4027446.961978402
2,03/22/2023,1785.14,1806.04,1819.52,1783.36,6074.5536413,10962751.523438732
1,03/22/2023,1806.32,1716.58,1810.39,1710.4,20439.08319345,36218567.367910115
0,03/22/2023,1716.98,1734.36,1738.49,1710.36,7242.8325263,12494251.296338756
5,03/23/2023,1734.35,1737.29,1745,1729.4,2707.5671677,4702670.010752979
4,03/23/2023,1737.29,1750.7,1753.3,1730.76,2658.9999789,4634854.833463686
3,03/23/2023,1750.7,1754.77,1758.83,1744.17,5911.4484038,10331734.179938678
2,03/23/2023,1754.77,1837.08,1856,1741.04,17898.32546722,32324846.449439114
1,03/23/2023,1837.09,1821,1841.31,1792.8,12752.4490908,23218348.273154055
0,03/23/2023,1820.68,1813.74,1821.45,1803.11,4103.076059,7435941.170293106
5,03/24/2023,1813.73,1812.28,1818.42,1806.71,2156.0421822,3910748.063575934
4,03/24/2023,1812.28,1815.36,1817.4,1803.5,1489.4497615,2697183.387844203
3,03/24/2023,1815.49,1747.47,1816.56,1730,7944.8366379,14110945.072829956
2,03/24/2023,1747.61,1766.82,1784.98,1743.51,9790.4031533,17296484.065840141
1,03/24/2023,1766.82,1763.72,1769.55,1726.42,7735.3764914,13537278.723684802
0,03/24/2023,1763.8,1749.5,1764.31,1728.99,5778.4377052,10085952.578526621
5,03/25/2023,1749.62,1756.26,1762.36,1746.53,1883.8402517,3306047.464129415
4,03/25/2023,1756.26,1747.14,1758.91,1741.98,1702.4428648,2980401.010977993
3,03/25/2023,1747.28,1745.27,1750.48,1736.14,2009.7100718,3506242.481751147
2,03/25/2023,1745.26,1754.67,1763.7,1738.96,3129.7028546,5479684.981142579
1,03/25/2023,1754.75,1717.11,1757.88,1715.58,3915.46506793,6794855.8396113808
0,03/25/2023,1717.1,1741.9,1743.42,1713.68,2572.3375353,4455497.340503011
5,03/26/2023,1741.9,1749.52,1756.64,1739.37,2729.4296926,4777546.323220054
4,03/26/2023,1749.52,1752.28,1755.74,1746.1,1150.3298744,2014305.922907536
3,03/26/2023,1752.28,1777.78,1787.24,1749.27,4370.4981718,7747601.788018926
2,03/26/2023,1777.78,1763.16,1799.67,1754.22,7563.8801009,13415504.084721984
1,03/26/2023,1763.01,1765.9,1772,1754.5,2265.8329199,3997084.230899291
0,03/26/2023,1765.9,1773.79,1782.75,1754.57,2331.2580573,4124315.754577851
5,03/27/2023,1773.79,1765.35,1780.4,1759,2324.9460628,4111457.860226231
4,03/27/2023,1765.35,1752.38,1767.77,1746.91,2539.3999944,4455507.041490068
3,03/27/2023,1752.38,1765.53,1770.31,1749.67,3074.65186,5412647.610431374
2,03/27/2023,1765.53,1711.75,1769.26,1687.61,11248.24651521,19421899.6397783727
1,03/27/2023,1711.76,1704.48,1731.99,1701.4,6025.059276,10339245.243612291
0,03/27/2023,1704.49,1715.32,1717.19,1696.6,3744.6519782,6398290.545724139
5,03/28/2023,1715.33,1711.78,1727.4,1701.61,2839.933682,4865677.605925264
4,03/28/2023,1711.8,1724.39,1735.4,1709.9,2697.7712338,4646659.637808689
3,03/28/2023,1724.56,1745.38,1754.47,1710.1,4398.148087,7600915.736989896
2,03/28/2023,1745.39,1744.31,1751.14,1730.38,4913.15934146,8552669.1306227112
1,03/28/2023,1744.14,1785.79,1795.39,1727.3,8571.137548,15106858.4690105
0,03/28/2023,1785.78,1772.78,1789.95,1762.15,2939.0808707,5215929.200222611
5,03/29/2023,1772.96,1777.95,1788.76,1772.35,2322.0042682,4130219.485772038
4,03/29/2023,1777.95,1804.91,1818,1777.95,5018.23639267,9033450.9932008894
3,03/29/2023,1804.91,1811.27,1827.74,1799.84,4923.1475904,8939699.170873362
2,03/29/2023,1811.27,1807.86,1816.28,1792.46,4566.52725652,8243395.718219709
1,03/29/2023,1807.83,1809.06,1811.88,1792.02,3040.3767682,5476884.172861773
0,03/29/2023,1809.09,1792.99,1809.36,1782.9,3148.2436754,5654812.860205364
5,03/30/2023,1792.99,1788.08,1829.7,1766.52,8290.7782115,14895723.081330682
4,03/30/2023,1787.7,1806.39,1812.64,1785.75,3691.5025839,6643128.276685656
3,03/30/2023,1806.38,1804.62,1808.29,1793.2,2490.9283582,4489423.831842662
2,03/30/2023,1804.62,1789.2,1805.67,1784.21,4085.31536689,7334451.5102255075
1,03/30/2023,1789.19,1781.27,1791.92,1763,5300.5439341,9418474.661580096
0,03/30/2023,1781.81,1793.59,1798.4,1779.1,3209.9884273,5746311.203774814
5,03/31/2023,1793.59,1803.21,1817.83,1789.31,2564.2495559,4627999.901713082
4,03/31/2023,1803.22,1795.02,1808.29,1778.85,2105.6453228,3777305.44625012
3,03/31/2023,1795.32,1793.2,1799.76,1786.29,2153.496953,3862048.308361965
2,03/31/2023,1793.2,1830.48,1847.18,1790.39,9593.3133746,17524901.362091505
1,03/31/2023,1830.47,1829.23,1834.48,1818.7,3437.9399131,6276519.473566222
0,03/31/2023,1829.15,1821.95,1829.76,1814.62,2217.0193009,4042698.739478957
5,04/01/2023,1821.95,1826.24,1842.72,1819.84,2246.8923975,4110844.144359638
4,04/01/2023,1825.91,1823.79,1829.68,1812.72,2093.2647124,3815912.841346037
3,04/01/2023,1823.79,1824.21,1828.52,1821.34,1289.23085171,2353986.3361077052
2,04/01/2023,1824.21,1820.33,1826.9,1814.47,1888.8301136,3439840.429705151
1,04/01/2023,1820.34,1814.88,1824.19,1808.63,2002.1161915,3636664.020731534
0,04/01/2023,1814.88,1820.83,1825.83,1814.63,2210.7665135,4026030.558197374
5,04/02/2023,1820.84,1817.64,1823.4,1810.2,1680.3468135,3050136.717360908
4,04/02/2023,1817.64,1820.74,1825.12,1813.58,1696.6992019,3089136.79519795
3,04/02/2023,1820.74,1817.29,1823.44,1815.39,1542.5020162,2806140.430813399
2,04/02/2023,1817.29,1797.75,1819.21,1789.12,5327.44791545,9611940.6844402169
1,04/02/2023,1797.75,1781.53,1803.82,1772,5606.5616421,10045183.10690948
0,04/02/2023,1781.54,1794.34,1795.59,1777.71,3101.509587,5541602.868069226
5,04/03/2023,1794.34,1778.38,1794.61,1762.66,3541.7035867,6289127.363432214
4,04/03/2023,1778.38,1794.7,1794.7,1772.71,2276.1460969,4059130.943186577
3,04/03/2023,1794.7,1807.37,1817.86,1794.69,6804.3158527,12306416.895086471
2,04/03/2023,1807.37,1796.85,1821.9,1788.72,5272.8746914,9503954.245850109
1,04/03/2023,1796.85,1818.6,1840,1791.43,8897.0140138,16183634.00416641
0,04/03/2023,1818.84,1810.5,1819.69,1768.83,9659.917668,17344319.283952179
5,04/04/2023,1810.25,1807.7,1816.69,1802,3096.2147649,5601555.032511592
4,04/04/2023,1807.53,1812.2,1822.75,1803.02,2092.2895864,3791758.115568888
3,04/04/2023,1812.21,1864.59,1875.13,1811.14,11835.332391,21921773.117783154
2,04/04/2023,1864.58,1862.86,1891.77,1852.5,11444.1686371,21392297.438702257
1,04/04/2023,1862.86,1868.94,1873.45,1857.11,3301.2010779,6160989.603094334
0,04/04/2023,1868.81,1870.6,1886.9,1858.69,3754.9893675,7030619.644953884
5,04/05/2023,1870.4,1912.44,1925,1864.41,10556.95578333,20118279.8322752575
4,04/05/2023,1912.34,1910.23,1917.49,1907.1,2338.1123545,4469312.747777986
3,04/05/2023,1910.24,1914.46,1919.99,1903.82,3107.9906174,5940984.187924081
2,04/05/2023,1914.47,1896.85,1942.21,1883,10546.5713004,20125741.424949612
1,04/05/2023,1897.12,1908.74,1917.9,1883.88,4987.5943435,9484917.357585987
0,04/05/2023,1908.91,1908.77,1914.6,1903.31,2406.4196945,4595084.198109314
5,04/06/2023,1908.69,1898.81,1909.93,1886.02,3473.2000127,6586886.438250749
4,04/06/2023,1898.81,1879.09,1898.81,1876.18,3072.78917039,5799261.0292205445
3,04/06/2023,1879.09,1868.56,1885.54,1854,6071.5854565,11351440.24290058
2,04/06/2023,1868.69,1874.77,1878.4,1855,5544.792147,10356067.41956518
1,04/06/2023,1875.01,1871.37,1883.36,1866,2743.9372545,5145237.330638451
0,04/06/2023,1871.36,1872.49,1878.7,1860.32,2520.8358551,4711466.089686454
5,04/07/2023,1872.49,1876.96,1882.39,1866.61,2147.5518082,4027808.778857527
4,04/07/2023,1876.91,1850.64,1878.98,1841.18,3531.75996543,6569714.5978633234
3,04/07/2023,1850.65,1849.16,1859.29,1843.55,2671.5439388,4950761.290770821
2,04/07/2023,1849.4,1860.35,1863.29,1842.93,3181.8229413,5898531.103794775
1,04/07/2023,1860.36,1854.84,1861.86,1851.32,1386.4610391,2573588.299240938
0,04/07/2023,1854.85,1863.74,1872.06,1851.28,2322.3792561,4324681.341301464
5,04/08/2023,1863.74,1868.51,1871.89,1854.88,1929.2607385,3592563.365957394
4,04/08/2023,1868.27,1872.3,1879.55,1864.28,1966.2298408,3681088.427753451
3,04/08/2023,1872.08,1867.38,1874.5,1866,1380.1438421,2581137.890630066
2,04/08/2023,1867.38,1866.85,1871,1862,1213.4094713,2265507.321040295
1,04/08/2023,1866.86,1854.04,1869.29,1847.21,2956.7634069,5491126.954510858
0,04/08/2023,1854.04,1848.79,1858.3,1847.18,1704.5558309,3158302.695367149
5,04/09/2023,1848.79,1851.74,1859.63,1846.95,1410.36195,2615486.26162796
4,04/09/2023,1852,1835.44,1855.71,1821.9,4361.14656788,8007687.9571087812
3,04/09/2023,1835.44,1839.31,1840.38,1829.4,1702.1545628,3124345.000187266
2,04/09/2023,1839.24,1837.25,1845.5,1826.36,2393.5580142,4394391.275343525
1,04/09/2023,1837.25,1856.41,1867.2,1836.24,3258.9441108,6037299.075584848
0,04/09/2023,1856.41,1858.58,1873.94,1852.6,2583.8246269,4815512.160221154
5,04/10/2023,1858.75,1857.92,1863.2,1846.44,2255.717447,4186581.112914293
4,04/10/2023,1857.91,1859.88,1865.4,1853.64,1790.64542,3329747.309015745
3,04/10/2023,1859.89,1857.97,1862.46,1855.4,1831.1557188,3404731.978618226
2,04/10/2023,1857.98,1861.06,1868.4,1847.57,3855.2944563,7167534.184039937
1,04/10/2023,1861.05,1888.55,1904.32,1857.71,7352.83132508,13884577.8111359356
0,04/10/2023,1888.54,1910.02,1919,1878.31,6338.1642974,12053089.98668882
5,04/11/2023,1910.02,1923.17,1937.1,1907.69,6742.0462774,12961364.579732646
4,04/11/2023,1922.96,1921.86,1926.69,1909.08,2948.27753033,5657651.7041622041
3,04/11/2023,1921.86,1915.4,1922.55,1912.01,2470.0444567,4738364.199004672
2,04/11/2023,1915.41,1913.63,1922.95,1904.05,3353.2860813,6416306.515434505
1,04/11/2023,1913.64,1894.11,1917,1891.02,5405.01857762,10286347.1258561774
0,04/11/2023,1894.4,1889.74,1896.79,1882.01,3337.4696647,6310257.825240538
5,04/12/2023,1889.73,1862.63,1897,1853.5,7152.9252542,13398919.922996145
4,04/12/2023,1862.64,1870.37,1875.54,1860.15,2773.1809299,5177139.138851114
3,04/12/2023,1870.37,1872.47,1873.99,1863.71,2034.8601228,3804631.515355394
2,04/12/2023,1872.48,1912.02,1932.27,1867,19115.391648,36390353.607479832
1,04/12/2023,1911.96,1901.31,1919.19,1893.94,5508.5217482,10509937.862651759
0,04/12/2023,1901.31,1917.07,1930.4,1900.05,6270.0044454,12021135.035237852
5,04/13/2023,1917.27,1912.71,1920.81,1899.41,4251.911155,8117640.011998919
4,04/13/2023,1912.44,1922.23,1925.7,1908.26,3446.5849601,6605434.637368841
3,04/13/2023,1921.97,1985.55,1995.7,1919.64,17952.0951644,35354691.701590296
2,04/13/2023,1985.54,1996.95,2008.27,1985.54,10833.45600293,21643116.0231096361
1,04/13/2023,1996.95,2011.35,2022,1991.4,7920.787086,15915283.654807809
0,04/13/2023,2011.21,2011.69,2016.9,2000.65,3562.3756344,7151962.810609069
5,04/14/2023,2011.69,2109.18,2128.45,2009.02,23795.98131396,49838843.7731228802
4,04/14/2023,2109.18,2106.21,2124.06,2102.7,5846.9968469,12362574.948839115
3,04/14/2023,2106.21,2115.5,2118.7,2101.33,4226.0788131,8920854.417936534
2,04/14/2023,2115.5,2059.29,2124.29,2050.02,14166.34508482,29585000.4047883806
1,04/14/2023,2058.9,2090.82,2092.03,2042.52,11325.5849175,23419904.042185401
0,04/14/2023,2090.61,2099.75,2120.8,2085.66,7048.2103389,14830767.359928027
5,04/15/2023,2099.75,2088.74,2106,2071.7,6205.4088067,12953299.741576843
4,04/15/2023,2088.75,2097.58,2103.99,2082.01,2446.2502742,5112754.200778254
3,04/15/2023,2097.58,2100.34,2111,2092.68,3180.5717958,6688344.834299091
2,04/15/2023,2100.35,2098.05,2107.7,2092.97,4099.1435253,8612970.724870563
1,04/15/2023,2098.05,2100.27,2108.36,2083.2,4829.61082095,10126019.905087187
0,04/15/2023,2099.72,2090.56,2102.47,2081.59,3869.9583588,8096830.768000507
5,04/16/2023,2090.56,2086.65,2095.39,2071.44,3582.9702385,7472638.280546134
4,04/16/2023,2086.64,2098.07,2102.51,2086.32,2349.4136113,4924024.57899031
3,04/16/2023,2098.07,2086.4,2099.7,2083.34,2771.2971545,5793068.661663714
2,04/16/2023,2086.4,2093.83,2098.37,2076.31,3536.6901071,7384275.660492785
1,04/16/2023,2093.82,2114.93,2140.84,2088.54,9131.11419824,19325743.1040770718
0,04/16/2023,2114.93,2118.36,2131.9,2096.16,6753.7978764,14303565.830642976
5,04/17/2023,2118.35,2097.02,2120.37,2073,8905.4920452,18644795.445962154
4,04/17/2023,2097.02,2090.21,2102.32,2088.26,2688.6691997,5633717.916894727
3,04/17/2023,2090.21,2076.44,2098.92,2066.42,6398.28584354,13331722.4319826992
2,04/17/2023,2076.36,2071.41,2083.01,2056.91,7806.35211482,16168887.8494923552
1,04/17/2023,2071.41,2077.93,2094.1,2070.43,6071.8413052,12644122.363853981
0,04/17/2023,2077.93,2074.56,2083.8,2067.66,2626.2626254,5455033.6556525
5,04/18/2023,2074.56,2079.41,2084.25,2046.4,5727.69101812,11856790.9710869846
4,04/18/2023,2079.41,2100.08,2110.45,2077.93,4849.3255659,10165275.050213055
3,04/18/2023,2100.08,2117.58,2124.07,2094.31,5369.291039,11319990.107831659
2,04/18/2023,2117.58,2095.54,2120.59,2088.63,5653.6082032,11902830.273513957
1,04/18/2023,2095.54,2081.1,2100.59,2069.8,5970.9239892,12436769.748138425
0,04/18/2023,2080.88,2104.04,2107.92,2074.21,5369.125342,11230679.021783343
5,04/19/2023,2104.04,2091.73,2104.57,2087.32,3051.7808262,6394582.842500145
4,04/19/2023,2091.73,2073.94,2092.44,2065.04,5228.42804885,10871168.0126813765
3,04/19/2023,2073.94,1981.61,2073.94,1961.24,26603.18193218,53076418.6050350399
2,04/19/2023,1981.61,1982.78,2006.15,1970.5,11072.5151579,21998948.669184727
1,04/19/2023,1983.03,1980.65,1991.27,1964.8,6949.4365881,13754468.942095292
0,04/19/2023,1980.78,1934.97,1988.19,1921.98,10775.89443356,21046479.2832895725
5,04/20/2023,1934.06,1949.38,1954.6,1924.6,6026.3572779,11705845.167282133
4,04/20/2023,1949.74,1948.92,1964.4,1947.5,3822.4661445,7469791.724172318
3,04/20/2023,1948.92,1939.94,1962.09,1937.48,3474.932114,6779689.365954094
2,04/20/2023,1940.31,1945.82,1982.18,1936.24,8435.39896777,16553495.2159628712
1,04/20/2023,1945.52,1928.01,1954.79,1916.06,10520.0077848,20333424.148638644
0,04/20/2023,1927.69,1942.76,1955.3,1923.3,4293.2093842,8330451.861576526
5,04/21/2023,1942.77,1945.84,1956.91,1934.36,3460.821751,6733466.950873793
4,04/21/2023,1945.84,1928.02,1947.39,1898,7079.62919165,13594423.4295912454
3,04/21/2023,1928.02,1908.79,1933.89,1902.84,3876.1939478,7435145.870066763
2,04/21/2023,1908.79,1903.79,1923.47,1890.71,6121.00512212,11686071.4919791311
1,04/21/2023,1903.79,1842.6,1908.58,1835.52,13576.68943883,25418357.6293447757
0,04/21/2023,1842.83,1849.01,1855,1825.4,8304.9334109,15301274.450845403
5,04/22/2023,1849,1859.3,1862.59,1845.3,3298.8479137,6114169.557908785
4,04/22/2023,1859.3,1850.52,1864.98,1848.21,2267.5592516,4212416.706934204
3,04/22/2023,1850.52,1852.03,1854.9,1842.48,1875.720557,3469634.420121644
2,04/22/2023,1852.03,1866.77,1871.89,1846.26,3192.5488989,5939902.413482517
1,04/22/2023,1866.78,1872.26,1887.2,1865.83,4101.5146094,7700623.623335913
0,04/22/2023,1872.1,1874.32,1878.99,1864.13,2755.1064143,5159330.20512469
5,04/23/2023,1874.32,1862.03,1874.32,1847.51,3199.3583734,5948780.161982065
4,04/23/2023,1862.03,1874.24,1878.07,1859.49,2281.9894576,4260833.389807552
3,04/23/2023,1874.24,1874.42,1877.05,1863.41,2306.6668519,4316544.778235877
2,04/23/2023,1874.76,1858.98,1882.8,1853.15,4808.7809305,8976246.616552378
1,04/23/2023,1858.99,1846.34,1872.43,1835.01,6089.54466659,11289479.8953012006
0,04/23/2023,1846.6,1861.85,1868.02,1837.85,3031.4811939,5618202.975578853
5,04/24/2023,1861.85,1867.73,1889.76,1850.65,5470.870806,10247614.676533681
4,04/24/2023,1867.95,1845.7,1868.25,1827.4,3930.5973328,7261365.930258783
3,04/24/2023,1845.71,1855.21,1855.42,1831.93,4378.0201562,8068068.914724584
2,04/24/2023,1855.21,1834.01,1876.16,1831.5,7056.6772553,13083033.29323359
1,04/24/2023,1834.02,1831.48,1848,1805.77,9094.30197755,16603374.8744927695
0,04/24/2023,1831.49,1841.88,1845.1,1827.49,3215.608912,5912422.681573868
5,04/25/2023,1841.89,1830.32,1850.35,1827.29,3004.0055547,5525943.834118988
4,04/25/2023,1830.32,1815.5,1836.37,1812.55,4494.854072,8202911.949481653
3,04/25/2023,1815.51,1826.19,1829.9,1805.4,6154.5952845,11184415.031014476
2,04/25/2023,1826.31,1814.91,1832.83,1802.11,6143.6413619,11174888.800447618
1,04/25/2023,1814.94,1837.45,1847.09,1812.35,7339.2200284,13445822.153376784
0,04/25/2023,1837.46,1866.3,1877.6,1837.1,8379.7353587,15605846.809144883
5,04/26/2023,1866.3,1862.66,1884,1861.99,3284.8457184,6142780.233983639
4,04/26/2023,1862.66,1861.96,1878,1858.76,2822.4202417,5266754.335401206
3,04/26/2023,1861.96,1914.24,1920.05,1861.42,9716.6744325,18422385.304393242
2,04/26/2023,1914.25,1953.9,1964.69,1914.24,9648.25959498,18781275.0847147512
1,04/26/2023,1953.91,1828.41,1958.3,1818.86,14580.26015533,27454392.804061537
0,04/26/2023,1828.26,1865.8,1884.41,1784.03,16438.3971261,30253652.132361882
5,04/27/2023,1865.81,1898.27,1939,1861.05,13236.55764358,25261381.8739249186
4,04/27/2023,1898.27,1885.1,1918.59,1872.03,4735.81549605,8978183.176289195
3,04/27/2023,1884.98,1880.8,1895.09,1875.42,2845.4363562,5362778.911614744
2,04/27/2023,1880.77,1900.06,1916.58,1862.16,7257.346191,13700739.168512426
1,04/27/2023,1900.08,1922.4,1937.54,1891.1,6995.92885525,13406687.937190035
0,04/27/2023,1921.98,1908.63,1929.99,1893.04,6149.46657286,11761243.893703235
5,04/28/2023,1908.52,1905.52,1915.25,1902.25,3736.5920615,7130709.380686712
4,04/28/2023,1905.55,1918.98,1923.97,1904.25,2974.0008637,5693951.137437236
3,04/28/2023,1918.99,1902.15,1919.39,1897.81,2851.8721112,5444314.298056647
2,04/28/2023,1902.07,1887,1914.7,1875,7589.6515929,14364577.103716662
1,04/28/2023,1887,1892.27,1904.99,1883.31,3936.7796303,7444486.461522738
0,04/28/2023,1892.5,1891,1900.78,1887.2,2300.2803012,4356397.737496763
5,04/29/2023,1891.01,1896.28,1897.84,1886.24,1926.7230763,3646056.390782054
4,04/29/2023,1896.29,1902,1904.29,1896.29,1820.6948427,3460667.663560912
3,04/29/2023,1902.01,1897.93,1903.79,1893.53,1162.2265351,2205758.308104173
2,04/29/2023,1897.94,1905.63,1917.64,1896.67,3172.8003166,6057148.692632373
1,04/29/2023,1905.62,1903.29,1907.49,1883.4,4047.486662,7679949.774634248
0,04/29/2023,1903.3,1907.49,1908.98,1897.8,2362.8587547,4497629.096912359
