date,open,high,low,close,volume
8/1/2022,1678.11,1704.89,1673.9,1691.33,21273082.43
8/1/2022,1691.33,1697.14,1666.63,1692.86,23233485.36
8/1/2022,1692.9,1695.19,1641.3,1668.09,25430548.18
8/1/2022,1668.09,1689.62,1633.44,1672.57,40397839.41
8/1/2022,1672.62,1673.68,1616.24,1622.2,37042247.5
8/1/2022,1622.25,1643.34,1606.06,1629.62,28238806.72
8/2/2022,1629.62,1656.69,1567.96,1577.03,45859905.98
8/2/2022,1577.06,1596.39,1564.38,1593.4,21734452.55
8/2/2022,1592.83,1597.69,1558.98,1587.63,28037269.42
8/2/2022,1587.57,1637.5,1564.42,1629.68,62322808.19
8/2/2022,1629.68,1678.2,1622.7,1636.57,58208573.74
8/2/2022,1636.85,1660.4,1627.41,1630.35,24026700.4
8/3/2022,1630.8,1638.79,1590,1619.83,35048927.13
8/3/2022,1619.59,1642.81,1613,1628.71,18547043.94
8/3/2022,1628.94,1672.09,1628.67,1665.28,28382749.29
8/3/2022,1665.28,1686.12,1645,1656.15,42314060.13
8/3/2022,1655.72,1671.54,1647.51,1653.95,31333182.19
8/3/2022,1654.21,1657.31,1607.48,1618.42,33101949.33
8/4/2022,1618.43,1659.09,1615.76,1650.93,32324526.91
8/4/2022,1651.31,1663.08,1616.21,1625.44,22167420.65
8/4/2022,1625.85,1630.94,1606.18,1616.13,21794440.17
8/4/2022,1615.73,1643.58,1597,1615.55,38866052.78
8/4/2022,1615.55,1624,1580.53,1590.8,33466955.41
8/4/2022,1590.49,1612.39,1581.2,1607.46,16458644.4
8/5/2022,1607.71,1667.77,1605.36,1659.28,36020327.51
8/5/2022,1659.68,1678.66,1646.47,1663.3,19812669.5
8/5/2022,1662.97,1717.18,1652.12,1713.41,32939040.84
8/5/2022,1713.42,1725.46,1665.45,1670.01,81244335.98
8/5/2022,1670.01,1684.15,1656.62,1681.36,30746298.49
8/5/2022,1681.14,1742.47,1666.52,1736.67,42586316.49
8/6/2022,1736.68,1752.73,1726.02,1734.67,33686879.09
8/6/2022,1734.67,1738.04,1713.88,1720.58,15219383.64
8/6/2022,1720.92,1724.54,1703.2,1712.35,16749506.27
8/6/2022,1712.35,1720.98,1706.27,1715.76,20038235.37
8/6/2022,1715.77,1721.13,1685.88,1714.74,28271334.63
8/6/2022,1714.73,1723.82,1687.6,1690.86,24930929.38
8/7/2022,1690.86,1697.95,1668.56,1684.19,29348967.45
8/7/2022,1684.19,1688.8,1672.8,1686.18,14196332.95
8/7/2022,1686.18,1693.7,1673.25,1692.54,13548392.08
8/7/2022,1692.55,1715.38,1690.93,1699.13,24397891.03
8/7/2022,1699.13,1716,1695.41,1708.08,14901422.14
8/7/2022,1708.3,1729.83,1690.25,1699.99,26771908.38
8/8/2022,1700,1719.49,1693.76,1709.75,21419172.31
8/8/2022,1709.75,1740,1708.04,1732.72,25217192.53
8/8/2022,1732.72,1792.03,1728.04,1789.45,53136680.1
8/8/2022,1789.2,1818.13,1766.58,1774.78,65685942.52
8/8/2022,1774.77,1787.09,1756.02,1782.93,35994987.83
8/8/2022,1782.93,1799,1757.57,1777.33,31669256.58
8/9/2022,1777.17,1786.78,1761.1,1778.21,20128843.18
8/9/2022,1778.2,1790.78,1767,1781.93,20306906.24
8/9/2022,1781.94,1783.01,1692.41,1704.13,52640072.6
8/9/2022,1703.91,1717.46,1668.58,1684.65,58116947.3
8/9/2022,1684.66,1698.1,1674.53,1688.12,31508709.49
8/9/2022,1687.61,1715.72,1687.18,1702.87,21151866.01
8/10/2022,1702.87,1702.87,1656.28,1669.43,36948766.45
8/10/2022,1669.44,1691.39,1667.2,1686.3,25140514.84
8/10/2022,1686.31,1713.6,1684.5,1707.02,24280522.86
8/10/2022,1707.02,1854.35,1703.48,1837.27,157589242
8/10/2022,1837.24,1849.49,1802.64,1817.95,50550100.05
8/10/2022,1818.35,1885.54,1817.66,1853.18,52154312.89
8/11/2022,1853.18,1918.55,1850.06,1880.29,99154279.67
8/11/2022,1880.3,1905.35,1870.85,1878.69,49854983.99
8/11/2022,1878.69,1913.7,1873.4,1903.43,36449469.13
8/11/2022,1903.43,1941.58,1883.56,1890.01,97944354.8
8/11/2022,1890.44,1908,1873.28,1898.6,49376353.29
8/11/2022,1898.61,1905.42,1867.3,1880.52,35243518.37
8/12/2022,1880.51,1913.6,1857.41,1903.87,42594615.82
8/12/2022,1904.04,1909.19,1882.76,1888.54,22472719.42
8/12/2022,1888.54,1903.89,1853.36,1868.49,39917850.81
8/12/2022,1868.49,1903.65,1866.88,1897.41,43031584.09
8/12/2022,1897.4,1931,1890.66,1926.14,32493810.44
8/12/2022,1926.13,1964.15,1916.72,1958.3,48073185.56
8/13/2022,1958.08,1999,1946.12,1996.79,52745487.91
8/13/2022,1996.79,2019.5,1986.21,1996,49176519.26
8/13/2022,1996.01,2008.18,1972.66,1986.09,28391412.3
8/13/2022,1986.09,1994.9,1963.71,1988.33,23271682.1
8/13/2022,1988.33,2004.14,1972,1975.42,29913593.07
8/13/2022,1975.42,1994.67,1967.6,1983.76,22432211.71
8/14/2022,1983.77,1994.44,1971.21,1985.93,17433640.66
8/14/2022,1985.94,2031.3,1980.93,2016.82,33899645.6
8/14/2022,2016.82,2017.88,1980.44,1990.23,29690293.81
8/14/2022,1990.24,1991.33,1970.61,1984.06,24900968.98
8/14/2022,1984.06,1984.69,1906.11,1931.56,48149304.6
8/14/2022,1931.57,1960,1916.5,1935.32,32838725.73
8/15/2022,1935.32,2012,1922.09,1986.16,70089292.62
8/15/2022,1986.15,1992.59,1885.33,1900.08,68456465.29
8/15/2022,1900.08,1912.42,1875.31,1890.78,44624737.05
8/15/2022,1890.78,1921.88,1872.98,1917.86,42603475.03
8/15/2022,1917.8,1933.23,1885.02,1889.42,37667149.83
8/15/2022,1890.08,1917.92,1876,1899.2,26112093.02
8/16/2022,1899.19,1914.7,1861.31,1887.44,28522292.79
8/16/2022,1887.61,1893.02,1856.81,1877.03,17134102.74
8/16/2022,1877.04,1915,1877.04,1906.56,15570133.36
8/16/2022,1906.57,1914,1864.62,1887.42,32040685.61
8/16/2022,1887.43,1897.7,1851.85,1879,28934977.3
8/16/2022,1879,1886.29,1865.6,1876.78,9891852.085
8/17/2022,1876.35,1904.39,1874.6,1896.13,19591601.26
8/17/2022,1896.13,1957.53,1888.12,1890.35,42310651.68
8/17/2022,1890.34,1902.4,1864.5,1876.93,27450891.9
8/17/2022,1876.92,1886.7,1814.99,1831.18,62142689.68
8/17/2022,1831.46,1870.58,1824.01,1838.22,42352491.58
8/17/2022,1838.27,1853.99,1824.31,1834.39,22555705
8/18/2022,1834.39,1865.32,1821.32,1848.31,25349287.52
8/18/2022,1848.31,1852.8,1835.98,1844.69,17149209.76
8/18/2022,1844.7,1865.9,1834.41,1859.4,17834998.92
8/18/2022,1859.4,1881.91,1849.23,1873.14,36023351.27
8/18/2022,1873.15,1878.6,1856.4,1870.78,23189085.65
8/18/2022,1870.35,1879.69,1842.64,1846.66,19601049.96
8/19/2022,1846.39,1848.03,1805.08,1817.52,36241888.33
8/19/2022,1817.52,1824.2,1720,1744.25,45909394.44
8/19/2022,1744.25,1744.75,1683.83,1707.93,48578903.36
8/19/2022,1707.92,1708.05,1675.9,1698.15,42037775.51
8/19/2022,1698.15,1726.59,1680,1701.48,38301639.74
8/19/2022,1701.16,1706.59,1603.51,1608.9,51792112.22
8/20/2022,1608.91,1640.01,1607.34,1627.71,28696155.08
8/20/2022,1627.71,1657.29,1625.19,1648.27,30947396.45
8/20/2022,1647.91,1649.85,1617,1631.22,18899789.77
8/20/2022,1631.12,1644,1624.28,1634.86,17400511.29
8/20/2022,1634.86,1639.78,1551,1563.87,42747810.42
8/20/2022,1564.2,1590,1523.27,1575.9,42598080.78
8/21/2022,1575.9,1604.4,1573.29,1585.7,24945219.84
8/21/2022,1585.7,1595.38,1562.52,1585.42,19900055.68
8/21/2022,1585.42,1629.84,1584.73,1626.93,30630371.84
8/21/2022,1626.94,1640.79,1601.02,1621.34,22492977.84
8/21/2022,1621.34,1635,1610.81,1624.23,19295989.48
8/21/2022,1624.23,1646.43,1580.41,1617.66,39206800.37
8/22/2022,1618,1621.98,1594.33,1595.47,26749339.61
8/22/2022,1595.22,1610.58,1551.49,1556.76,30470790.2
8/22/2022,1556.98,1581.07,1529.35,1567.96,40249496.37
8/22/2022,1568.27,1595,1547.94,1590.22,35738907.25
8/22/2022,1589.81,1601.31,1549.18,1567.68,23482318.59
8/22/2022,1568,1629.05,1564.14,1624.92,23962634.01
8/23/2022,1624.93,1638.8,1607.31,1608.92,25053017.79
8/23/2022,1609.36,1617.8,1563.9,1602.79,21840958.86
8/23/2022,1602.7,1625.2,1588.27,1620.2,22594212.15
8/23/2022,1620.21,1654,1607,1640.55,33609946.89
8/23/2022,1640.58,1675.95,1625.22,1649.79,25731848.42
8/23/2022,1650.82,1672.67,1641.88,1665.41,17408071.21
8/24/2022,1665.68,1666.51,1605.91,1614.99,31771279.81
8/24/2022,1614.67,1649.7,1610.63,1626.87,21739826.84
8/24/2022,1626.88,1653.95,1626.06,1650.98,14046809.87
8/24/2022,1650.98,1687.84,1642.81,1683.73,28045834.16
8/24/2022,1683.73,1694.4,1663.81,1678.57,22893436.23
8/24/2022,1678.52,1686.46,1651.62,1656.44,17649064.95
8/25/2022,1656.44,1684.59,1654.01,1669.87,18777029.25
8/25/2022,1669.6,1712.89,1669.08,1708.88,21094956.14
8/25/2022,1708.88,1716.24,1693.73,1710.32,19864531.24
8/25/2022,1710.33,1722,1688.9,1701.2,33723512.18
8/25/2022,1701.2,1713.12,1690.01,1706.61,24904699.02
8/25/2022,1707.7,1712.82,1683.57,1695.09,26969127.43
8/26/2022,1695.44,1695.44,1671.7,1687.13,16785791.35
8/26/2022,1687.13,1687.5,1641.6,1660.42,19646120.32
8/26/2022,1660.41,1667.29,1620.02,1629.22,23709044.88
8/26/2022,1629.21,1705.6,1585.02,1593.53,94020585.56
8/26/2022,1593.72,1599.4,1538.31,1560.23,39002781.97
8/26/2022,1559.82,1568.49,1486.7,1508.13,30354899.5
8/27/2022,1508.13,1518.39,1483.25,1501.9,20918539.74
8/27/2022,1501.89,1509.5,1469.65,1507.92,21691516.43
8/27/2022,1508.13,1511.63,1494.8,1505.6,13717811.07
8/27/2022,1505.61,1509.1,1455.14,1469.85,27497704.62
8/27/2022,1469.85,1484.42,1446.51,1479.81,34589118.79
8/27/2022,1479.81,1498.92,1455.42,1491.16,18226928.7
8/28/2022,1491.16,1511.09,1477.1,1491.16,12715842.44
8/28/2022,1491.16,1502.69,1481.81,1496.99,9993364.044
8/28/2022,1496.99,1503.99,1476.01,1485.6,11624219.4
8/28/2022,1486.08,1489.25,1459.81,1486.85,18452270.15
8/28/2022,1486.86,1496.9,1478.46,1483.14,14878664.1
8/28/2022,1483.15,1492.52,1424.2,1427.07,27790750.89
8/29/2022,1426.37,1462.64,1422.3,1456.85,26184926.31
8/29/2022,1456.82,1462.18,1439.48,1454.79,17300159.2
8/29/2022,1454.8,1456.81,1442.24,1449.07,12912447.71
8/29/2022,1449.07,1530.4,1446.97,1521.58,64387207.72
8/29/2022,1521.95,1544.82,1520.01,1531.09,33644088.15
8/29/2022,1531.08,1560,1529.08,1551.9,19786897.48
8/30/2022,1551.63,1552.59,1523.97,1544.52,16971435.33
8/30/2022,1544.13,1602.18,1543.05,1587.52,33254574.87
8/30/2022,1587.06,1605.98,1576.77,1584.9,18875988.7
8/30/2022,1584.91,1594.43,1509.26,1525.02,54363103.5
8/30/2022,1525.02,1568.97,1473.71,1543.71,55831427.44
8/30/2022,1543.28,1565.3,1516.36,1524.26,32555394.44
8/31/2022,1524.26,1616.83,1524.2,1606.46,31850267.22
8/31/2022,1606.65,1619.64,1577.02,1584.86,22499148.23
8/31/2022,1584.85,1607.92,1560.72,1594.98,24646069.48
8/31/2022,1594.96,1609.82,1536.16,1560.55,38034362.04
8/31/2022,1560.81,1589,1528.01,1575.19,25892793.69
8/31/2022,1575.19,1584.8,1542.4,1553.92,15902177.9
9/1/2022,1553.92,1574.12,1534.31,1549.27,19709520.87
9/1/2022,1549.94,1563,1531.13,1544.23,10589055.43
9/1/2022,1544.6,1586,1533.54,1578.04,17326349.85
9/1/2022,1578.05,1581.23,1512.45,1535.86,42225075.45
9/1/2022,1536.17,1572.59,1523.79,1564.98,20069410.1
9/1/2022,1564.7,1599.3,1561.9,1585.97,15800265.81
9/2/2022,1586.1,1605.99,1567.84,1595.7,13425756.48
9/2/2022,1595.71,1611.09,1578.82,1594.28,10105607.22
9/2/2022,1594.25,1602.81,1582.5,1593.52,8808131.877
9/2/2022,1593.49,1648.8,1584.57,1636.28,47628476.72
9/2/2022,1636.29,1639.27,1546.51,1561.78,46229642.18
9/2/2022,1561.77,1586.5,1551.41,1575.17,17223485.56
9/3/2022,1575.25,1582.49,1554.58,1561.27,10225490.19
9/3/2022,1561.59,1573.15,1534.06,1544.02,10648738.39
9/3/2022,1544.21,1559.6,1540.01,1548.5,11113085.09
9/3/2022,1548.51,1565.88,1543.57,1548.3,14052497.27
9/3/2022,1548.3,1563.3,1535.73,1549.27,11973230.54
9/3/2022,1549.27,1560.8,1546.33,1557.49,5896353.996
9/4/2022,1557.5,1561.48,1547.5,1552.01,4908216.818
9/4/2022,1552.2,1556.88,1543.37,1545.45,6289664.421
9/4/2022,1545.45,1564.25,1540.38,1564.25,9871850.206
9/4/2022,1564.25,1583.31,1544.48,1560.56,16817784.3
9/4/2022,1560.55,1576,1555.66,1566.99,9669205.182
9/4/2022,1566.99,1582.19,1563.2,1578.81,11268864.24
9/5/2022,1578.8,1592.98,1568.7,1575.49,11673520.11
9/5/2022,1575.71,1580.27,1556.36,1562.45,9472261.54
9/5/2022,1562.61,1569,1557.39,1566.86,7495422.275
9/5/2022,1566.87,1605.99,1562.4,1600.6,17154679.15
9/5/2022,1600.6,1610.11,1576.41,1586.54,17891567.27
9/5/2022,1585.87,1631.19,1585.33,1617.38,19456315.35
9/6/2022,1617.4,1676,1615.09,1639.91,35724129.93
9/6/2022,1640.41,1678.06,1637.21,1658.4,25792093.62
9/6/2022,1658.78,1677.83,1646.41,1668.28,17832285.96
9/6/2022,1668.29,1687.4,1635.63,1669.82,40019224.01
9/6/2022,1670.06,1674.7,1560,1576.88,64246864.32
9/6/2022,1576.46,1589,1554.49,1559.28,22885394.35
9/7/2022,1559.27,1568.13,1490.9,1510.47,36547034.5
9/7/2022,1510.45,1527.4,1499.48,1518.62,17807858.16
9/7/2022,1518.2,1524.69,1504.27,1513.71,10429745.99
9/7/2022,1513.7,1550.94,1500,1544.02,31851937.55
9/7/2022,1544.03,1581.5,1536.25,1570.22,31216271.21
9/7/2022,1570.09,1657.63,1569,1630.02,62423194.08
9/8/2022,1630.12,1637.4,1613.51,1629.88,15486378.49
9/8/2022,1629.87,1647.59,1595.42,1613.53,27098968.86
9/8/2022,1613.42,1644.47,1606.56,1635.86,15420138.93
9/8/2022,1635.86,1654.91,1598.21,1629.28,51452885.59
9/8/2022,1629.29,1650.4,1608.37,1649.97,24154479.01
9/8/2022,1650.01,1663.02,1625.75,1635.4,18293171.13
9/9/2022,1635.4,1676.42,1630.75,1672.61,18714603.38
9/9/2022,1672.65,1719.6,1669.37,1704.92,41608002.02
9/9/2022,1704.92,1716.09,1684.73,1700.51,32511567.03
9/9/2022,1700.02,1748.55,1698.65,1719.5,45335684.67
9/9/2022,1719.69,1726.84,1696.22,1720.12,27777953.89
9/9/2022,1720.39,1733.82,1706.9,1718.13,16027099.03
9/10/2022,1718.5,1743.72,1706.32,1733.81,17187182.57
9/10/2022,1733.8,1745.59,1707.59,1711,15264774.05
9/10/2022,1711.36,1728.65,1709.51,1723.74,6778454.858
9/10/2022,1723.74,1734.07,1712.01,1715.89,11925445.51
9/10/2022,1715.89,1744.37,1709.4,1740.73,17339472.02
9/10/2022,1741.11,1789,1728.96,1774.11,30112003.53
9/11/2022,1774.11,1779.05,1756.81,1760.81,15238834.97
9/11/2022,1760.82,1768.67,1743.81,1761.83,10541459.66
9/11/2022,1761.83,1780.5,1757.1,1770.05,10322092.45
9/11/2022,1770.06,1779.05,1753.9,1768.63,14709315.54
9/11/2022,1768.88,1790,1756.41,1763.49,15064802.31
9/11/2022,1763.48,1768.18,1721.4,1766.2,26911232.97
9/12/2022,1766.07,1783.33,1712,1727.11,33650350.02
9/12/2022,1727.01,1761.4,1716.84,1758.7,14520829.55
9/12/2022,1758.7,1766,1730,1748.82,16518688.07
9/12/2022,1748.82,1755.16,1696,1706.47,27410924.7
9/12/2022,1706.47,1733.06,1693.29,1726.17,25675441.79
9/12/2022,1726.17,1730.81,1701.61,1716.4,16898490.62
9/13/2022,1716.41,1718.24,1674.93,1715.81,23011127.73
9/13/2022,1715.66,1731.37,1699,1715.77,22983874.31
9/13/2022,1716.02,1746.79,1708.71,1737.47,20478289.15
9/13/2022,1737.48,1760,1575.48,1593.95,104615474.3
9/13/2022,1593.86,1631.66,1570,1605.18,39954956.05
9/13/2022,1605.01,1624.49,1561.28,1574.21,27761054.5
9/14/2022,1574.21,1611.69,1552.2,1602.79,25870575.49
9/14/2022,1602.79,1623.61,1596.41,1611.88,17156620.25
9/14/2022,1611.87,1611.98,1583.22,1595.48,15771854.6
9/14/2022,1595.17,1613.39,1585.7,1595.26,24876811.27
9/14/2022,1595.48,1603.26,1559,1599.58,25760177.9
9/14/2022,1599.58,1646.87,1592.31,1638.1,21129147.3
9/15/2022,1637.75,1654.35,1583.51,1604.13,34476200.59
9/15/2022,1604.13,1654.67,1570.7,1639.38,51740609.44
9/15/2022,1639.19,1639.19,1574.3,1591.5,23104076.99
9/15/2022,1591.52,1600.09,1457.68,1492.92,49797692.58
9/15/2022,1492.92,1518.79,1482.9,1497.47,28225961.95
9/15/2022,1497.47,1509.53,1458.8,1472.73,22744420.54
9/16/2022,1473.13,1483.2,1445.38,1473.32,25214680.69
9/16/2022,1473.32,1480.1,1467.2,1471.46,13557603.68
9/16/2022,1471.46,1482.29,1441.56,1478.43,23862303.09
9/16/2022,1478.57,1478.97,1423.02,1452.36,46176089.62
9/16/2022,1452.35,1452.35,1404.97,1427.5,39998405.4
9/16/2022,1427.47,1447.94,1423.33,1434.13,18365435.08
9/17/2022,1433.9,1456.58,1430.77,1440.45,12988805.88
9/17/2022,1440.45,1447.64,1425,1432.36,11635819.5
9/17/2022,1432.37,1435.16,1416.41,1419.54,14062266.81
9/17/2022,1419.54,1450.49,1409.54,1444.07,16480720.98
9/17/2022,1444.07,1476.12,1442.17,1464.55,21401319.7
9/17/2022,1464.75,1473.3,1446.53,1468.59,11126814.28
9/18/2022,1468.59,1469.71,1445.07,1451.51,10355400.56
9/18/2022,1451.59,1460.09,1448.75,1453.63,4779781.448
9/18/2022,1453.72,1459.2,1417.01,1434.01,16461168.88
9/18/2022,1434.01,1439.8,1410,1417.47,18888891.01
9/18/2022,1417.46,1424.59,1366.89,1380.96,45224164.58
9/18/2022,1380.97,1381.72,1325.39,1334.6,33725141.04
9/19/2022,1334.6,1354.38,1287.58,1294.43,30291759.61
9/19/2022,1294.41,1313.49,1280.11,1302.18,27434145.32
9/19/2022,1302.21,1321.01,1289.37,1307.69,19619850.44
9/19/2022,1307.7,1372,1306.6,1341.51,39272601.42
9/19/2022,1341.55,1367.33,1321.8,1362.39,28061647.28
9/19/2022,1362.39,1392.89,1356.3,1376.05,27631911.34
9/20/2022,1376.04,1385.19,1342.2,1354.57,23787502.01
9/20/2022,1354.87,1369.61,1352,1355.96,7293605.564
9/20/2022,1358.58,1366.84,1345.23,1356.07,12134852.21
9/20/2022,1356.07,1381.39,1329.55,1377.18,26829959.4
9/20/2022,1377.19,1384.95,1331.5,1351.99,25471816.9
9/20/2022,1351.64,1356.34,1312.82,1323.27,17156424.79
9/21/2022,1323.01,1345.32,1317.5,1337.48,10652622.27
9/21/2022,1337.16,1344.84,1316,1332.21,11132591.92
9/21/2022,1331.9,1353.79,1323.11,1350.65,10584554.44
9/21/2022,1350.65,1360.79,1333.71,1343,17536814.64
9/21/2022,1343,1409.77,1301,1323.64,106850178.1
9/21/2022,1323.64,1327.2,1218.59,1245.86,56196105.07
9/22/2022,1245.84,1271.29,1237.21,1262.71,26914508.94
9/22/2022,1262.71,1281.98,1254.39,1279.09,17222916.89
9/22/2022,1278.81,1312.83,1276.52,1308.82,20051756.12
9/22/2022,1308.48,1313.65,1256.3,1271.26,38420166.48
9/22/2022,1271.39,1336.64,1252.26,1323.84,36624569.6
9/22/2022,1323.83,1348.61,1306.61,1326.37,20670794.54
9/23/2022,1326.38,1345.21,1314.41,1340.85,14285470.93
9/23/2022,1340.85,1359.5,1328.85,1331.83,15027067.8
9/23/2022,1331.84,1335.49,1282.03,1287.77,26627433.9
9/23/2022,1287.76,1319.23,1262,1294.2,41492976.07
9/23/2022,1294,1307.63,1274.77,1292.62,28048664.38
9/23/2022,1292.25,1341.13,1292.02,1326.91,26311814.71
9/24/2022,1327.11,1330.3,1311.4,1321.29,32555268.43
9/24/2022,1321.4,1337.9,1316.69,1322.41,35242517.46
9/24/2022,1322.42,1332.58,1317.09,1327.29,24960604.44
9/24/2022,1326.88,1349.29,1325.95,1340.04,40971586.12
9/24/2022,1340.03,1348.3,1333.5,1342.12,24040573.59
9/24/2022,1342,1344.18,1306.45,1317.01,34341560.01
9/25/2022,1317.02,1329.61,1314.38,1329.44,23940486.17
9/25/2022,1329.45,1336.89,1319.57,1332.92,27868745.53
9/25/2022,1332.77,1334.41,1317.07,1329.38,31303223.74
9/25/2022,1329.28,1331.61,1298.56,1310.71,40847498.19
9/25/2022,1310.72,1321.01,1280.64,1299.72,30626821.88
9/25/2022,1299.65,1303.03,1270,1294.82,39981112.64
9/26/2022,1294.59,1314.64,1286.95,1303.25,126900411.1
9/26/2022,1303.16,1306.36,1278.21,1295.45,136770873.3
9/26/2022,1295.46,1325.19,1289.39,1297.4,160616748.4
9/26/2022,1297.4,1338.39,1293.58,1325.1,264243960.1
9/26/2022,1324.92,1340.26,1311.13,1330.5,230836193.5
9/26/2022,1330.5,1337.72,1315.34,1336.05,74860772.87
9/27/2022,1336.05,1389.72,1332.11,1385.56,207713270.6
9/27/2022,1385.52,1394.3,1375.12,1382.17,124663370.6
9/27/2022,1382.17,1398.81,1375.56,1388.68,142383298.5
9/27/2022,1388.69,1400.27,1364.48,1364.91,433377951.5
9/27/2022,1365.25,1367.63,1303.79,1324.69,560926628
9/27/2022,1324.41,1335.11,1316.91,1328.02,139091343.5
9/28/2022,1328.07,1340.69,1267.11,1287.03,311096533.9
9/28/2022,1287.18,1293.49,1266.41,1285.46,233920929.9
9/28/2022,1285.44,1312.15,1252.4,1295.42,351676281.6
9/28/2022,1295.29,1333.07,1293.53,1332.19,470720682.8
9/28/2022,1332.2,1343.79,1311.01,1334.01,142764643
9/28/2022,1334.08,1355.74,1333.11,1337.08,46181873.3
9/29/2022,1337,1352.13,1327.61,1342.02,26211296.14
9/29/2022,1342.03,1346.23,1313.71,1321.96,22872161.89
9/29/2022,1321.97,1345.57,1314.2,1336.59,20890812.52
9/29/2022,1336.62,1337.45,1288.38,1327.16,48091960.57
9/29/2022,1327.01,1348.31,1314.4,1333.53,32123398.07
9/29/2022,1333.23,1340.77,1324.1,1335.56,17187411.34
9/30/2022,1335.57,1352.53,1319.85,1327.34,23919348.95
9/30/2022,1327.55,1346.63,1325.86,1339.89,13747024.34
9/30/2022,1340.11,1349.58,1325.84,1330.88,22209202.97
9/30/2022,1330.87,1373.22,1314.32,1351.18,58888769.69
9/30/2022,1351.19,1361.66,1332.47,1337.26,24442727.98
9/30/2022,1337.26,1344.59,1316.6,1328.56,23236271.15
10/1/2022,1328.57,1333.62,1324.11,1329.33,8460736.99
10/1/2022,1329.55,1331.44,1323.56,1329.1,7455853.956
10/1/2022,1329.1,1333.06,1317.35,1325.42,7559337.65
10/1/2022,1325.42,1330.4,1320,1322.62,9050002.677
10/1/2022,1322.62,1324.08,1305.36,1311.97,20292091.12
10/1/2022,1311.89,1316.1,1302.54,1311.69,11361527.83
10/2/2022,1311.84,1315.92,1305.36,1309.55,9425805.291
10/2/2022,1309.55,1317.71,1307.54,1311.06,10230255.31
10/2/2022,1311.07,1312.85,1285.61,1298,21665830.73
10/2/2022,1298.01,1301.28,1286.54,1293.62,12936588.66
10/2/2022,1293.62,1314.47,1291.61,1304.71,16582302.42
10/2/2022,1304.72,1307.51,1269.24,1276.65,35624791.61
10/3/2022,1276.65,1300.71,1262.8,1292.07,27233261.6
10/3/2022,1291.92,1301.94,1284.08,1292.04,25393727.19
10/3/2022,1292.05,1299.29,1286.24,1298.95,16567681.17
10/3/2022,1298.95,1327.99,1294.3,1318.75,60453482.36
10/3/2022,1318.75,1329.75,1309.16,1317.93,28418420.87
10/3/2022,1317.93,1327.79,1314.92,1323.17,16998381.73
10/4/2022,1323.17,1330.55,1318.78,1329.15,13495756.09
10/4/2022,1329.16,1350.39,1324.35,1350.22,25185984.84
10/4/2022,1350.22,1360,1342.3,1349.66,24196716.14
10/4/2022,1349.67,1365.24,1345.7,1354.06,31662054.11
10/4/2022,1354.06,1357.4,1337.91,1354.62,20888419.34
10/4/2022,1354.7,1369.99,1351.01,1361.48,23658492.41
10/5/2022,1361.48,1363.53,1352.26,1353.88,14715805.92
10/5/2022,1353.66,1358.48,1348.74,1353.13,11928719.18
10/5/2022,1353.14,1353.71,1331.36,1335.08,20576285.56
10/5/2022,1335.08,1336.86,1316.41,1330.31,33595906.67
10/5/2022,1330.36,1364.83,1327.56,1350.61,33601710.39
10/5/2022,1350.44,1358.02,1345.18,1352.45,15678687.14
10/6/2022,1352.45,1383.69,1351.6,1372.66,31235166.47
10/6/2022,1372.67,1381.75,1362,1368.46,21376904.59
10/6/2022,1368.22,1370.39,1355,1368.5,16353190.35
10/6/2022,1368.58,1380.29,1348.9,1361.25,51437332.8
10/6/2022,1361.38,1373,1353.83,1358.86,31630582.71
10/6/2022,1358.77,1363.92,1345,1352.21,14328325.52
10/7/2022,1352.08,1361.79,1350.23,1355.14,11072435.85
10/7/2022,1355.15,1358.99,1345.81,1356.01,10130444
10/7/2022,1356,1360.74,1352.01,1354.93,8682516.696
10/7/2022,1354.92,1358.62,1324.01,1334.02,46429268.06
10/7/2022,1334.17,1337.16,1316.83,1327.83,20581257.76
10/7/2022,1327.66,1336.92,1324.88,1331.1,10705623.97
10/8/2022,1331.1,1337.18,1330.03,1331,8709337.111
10/8/2022,1331.01,1333,1326.13,1330.37,8233775.724
10/8/2022,1330.37,1330.63,1323.64,1329.7,6594709.687
10/8/2022,1329.7,1330.22,1318.6,1324.47,7473980.115
10/8/2022,1324.29,1330.15,1322.31,1324.27,7084873.369
10/8/2022,1324.28,1326.58,1303.68,1315.39,15820176.48
10/9/2022,1315.39,1316.5,1306.72,1310.75,8540902.829
10/9/2022,1310.62,1317.8,1308.7,1315.01,4072396.277
10/9/2022,1315.01,1327.99,1313.65,1323.16,9324946.865
10/9/2022,1323.16,1328.99,1321,1326.54,8192697.135
10/9/2022,1326.43,1327.49,1309.51,1319.66,11930804.02
10/9/2022,1319.82,1323.5,1314.41,1323.17,10029972.57
10/10/2022,1323.17,1338.09,1320.43,1323.19,15647985.98
10/10/2022,1323.19,1325.25,1312.33,1316.71,9138721.145
10/10/2022,1316.7,1317.7,1296.46,1314.62,24536442.28
10/10/2022,1314.62,1319.59,1303.6,1308.3,22797580.64
10/10/2022,1308.37,1315.1,1298.71,1307.65,21590606.5
10/10/2022,1307.59,1309.95,1288,1290.22,19338755.03
10/11/2022,1290.22,1290.22,1267.01,1278.35,24415283.98
10/11/2022,1278.34,1284.34,1272.27,1284.22,10704170.31
10/11/2022,1284.11,1288.87,1278,1286.72,13865054.5
10/11/2022,1286.72,1297.41,1269,1293.67,30639105.22
10/11/2022,1293.68,1297.8,1275,1282.57,20569667.04
10/11/2022,1282.57,1286.97,1274,1280.32,10346481.99
10/12/2022,1280.31,1288.74,1275.18,1283.69,9273193.66
10/12/2022,1283.68,1301.49,1283.18,1293.86,12870342.8
10/12/2022,1293.86,1306.48,1292.61,1297.53,64544731.63
10/12/2022,1297.53,1306.12,1284,1299.12,173175387.6
10/12/2022,1299.13,1301.35,1287.72,1297.11,162823243.8
10/12/2022,1297.01,1303.19,1292.43,1294.23,76681389.16
10/13/2022,1294.16,1299.29,1282.15,1286.52,140669354
10/13/2022,1286.54,1289.53,1271.63,1277.26,152721631.4
10/13/2022,1277.25,1280.85,1220.66,1243.15,195114676.1
10/13/2022,1243.13,1277,1189.4,1257.07,278415200.8
10/13/2022,1256.86,1294.85,1251.04,1286.88,252288840.8
10/13/2022,1286.83,1301.46,1285.31,1286.97,84525088.59
10/14/2022,1286.81,1342.01,1283.27,1329.76,159035717.4
10/14/2022,1329.77,1332.46,1316.21,1321.48,104562712.3
10/14/2022,1321.45,1336.59,1316.5,1325.89,113250027.5
10/14/2022,1325.89,1343.24,1305.58,1310.08,173027896.9
10/14/2022,1310.05,1313.3,1293.47,1298.61,124650612.1
10/14/2022,1298.92,1304.3,1288.5,1296.31,61688066.9
10/15/2022,1296.19,1301.89,1293.24,1300.32,50411405.81
10/15/2022,1300.34,1301.22,1290.34,1295.19,46674196.3
10/15/2022,1295.17,1295.44,1276.74,1287.57,64776702.28
10/15/2022,1287.7,1292.07,1278.9,1286.22,55132398.92
10/15/2022,1286.01,1290.15,1278.52,1282.42,45220132.78
10/15/2022,1282.42,1284,1263.61,1274.76,56768359.09
10/16/2022,1274.74,1287.06,1274.37,1283.66,45503023.38
10/16/2022,1283.64,1289.2,1280.98,1283.21,37261105.99
10/16/2022,1283.35,1290.68,1279,1284.26,39457428.09
10/16/2022,1284.28,1288.18,1279.04,1286.42,41215181.51
10/16/2022,1286.42,1309.1,1281.41,1308.09,53224814.17
10/16/2022,1307.87,1315.71,1290.61,1305.61,90349013.63
10/17/2022,1305.77,1308.45,1295.35,1301.67,75225774.78
10/17/2022,1301.67,1314.8,1298.42,1312.24,67584119.16
10/17/2022,1312.23,1325.9,1307.31,1317.55,73587704.75
10/17/2022,1317.77,1337.9,1313.33,1328.79,96817582.37
10/17/2022,1329.03,1331.46,1314.71,1325.71,74497756.98
10/17/2022,1325.68,1338.79,1324.02,1331.24,48968019.89
10/18/2022,1331.24,1342.04,1327.25,1333.27,61479940.25
10/18/2022,1333.27,1340.68,1330.17,1336.86,53206013.71
10/18/2022,1336.76,1337.7,1318.42,1325.77,56467535.35
10/18/2022,1325.84,1334.74,1298.48,1307.85,92525498.83
10/18/2022,1307.57,1312.62,1286.56,1301.1,87346908.03
10/18/2022,1300.86,1320.4,1298.23,1310.8,53620477.75
10/19/2022,1310.67,1313.65,1298.06,1304.98,44573656.88
10/19/2022,1304.97,1306.48,1292.25,1299.89,36299095.84
10/19/2022,1299.7,1308.26,1293.72,1300.46,37845240.97
10/19/2022,1300.47,1308.6,1289.52,1304.72,65617869.96
10/19/2022,1304.73,1305.8,1292.16,1296.99,44786527.56
10/19/2022,1296.94,1299.19,1280,1285.26,38497630.05
10/20/2022,1285.14,1288.24,1270.3,1279.97,70592944.65
10/20/2022,1280.01,1296.25,1279.54,1292.4,67456302.49
10/20/2022,1292.41,1302.54,1289.21,1299.63,48741387.32
10/20/2022,1299.63,1311,1290.51,1299.64,87496323.57
10/20/2022,1299.71,1299.93,1277.48,1284.52,87586928.3
10/20/2022,1284.67,1288.59,1271.23,1282.72,37391731.65
10/21/2022,1282.73,1292.5,1278.7,1287.68,38423480.26
10/21/2022,1287.67,1291.09,1282.53,1284.7,26899535.71
10/21/2022,1284.8,1285.29,1272.7,1275.56,37402864.38
10/21/2022,1275.56,1297.81,1253,1297.48,95018225.6
10/21/2022,1297.54,1306,1294.63,1303.2,49907098.27
10/21/2022,1303.2,1307.35,1297.13,1299.64,18414235.03
10/22/2022,1299.77,1304.76,1294.12,1298.92,17667764.85
10/22/2022,1298.92,1300.94,1294.68,1299.55,11646557.79
10/22/2022,1299.55,1308.34,1299.3,1305.69,13226538.92
10/22/2022,1305.64,1318.98,1302.76,1316.17,32071143.36
10/22/2022,1316.16,1320,1306.24,1314.13,21703763.6
10/22/2022,1314.31,1318.4,1312.01,1313.61,15134673.43
10/23/2022,1313.7,1314.91,1306.61,1313.26,16873454.39
10/23/2022,1313.26,1314.9,1306.69,1309.57,15480554.54
10/23/2022,1309.57,1312.01,1301.62,1304.05,18483621.94
10/23/2022,1304.11,1316.59,1299.22,1313.63,28676788.67
10/23/2022,1313.73,1335.53,1310.55,1330.67,49556627.01
10/23/2022,1330.67,1371,1328.62,1364.04,64263998.1
10/24/2022,1363.75,1370.78,1343.96,1348.01,45342220.06
10/24/2022,1348.21,1348.33,1332.66,1336.71,42189497.4
10/24/2022,1336.93,1354.6,1332.36,1353.52,32328690.84
10/24/2022,1353.4,1354.17,1324,1341.71,59752246.6
10/24/2022,1341.7,1353.1,1330.61,1344.91,36676839.52
10/24/2022,1344.91,1359.3,1340.73,1343.53,26244919.55
10/25/2022,1343.7,1349.62,1334.76,1347.53,29959148.28
10/25/2022,1347.54,1352.09,1343.54,1347.07,23174901.07
10/25/2022,1347.11,1350.28,1339.14,1347.47,21210685.28
10/25/2022,1347.47,1418.5,1346.43,1408.51,87673823.99
10/25/2022,1408.13,1524.38,1404.5,1493.65,160725443.5
10/25/2022,1493.63,1495.66,1445.9,1459.57,90367709.59
10/26/2022,1459.57,1499.56,1457.04,1486.85,68261289.67
10/26/2022,1486.61,1522.82,1476,1515.49,65100606
10/26/2022,1515.43,1556.32,1508.55,1528.45,98456079.74
10/26/2022,1528.62,1596.47,1509.13,1567.53,149006375
10/26/2022,1567.52,1573,1540.83,1564.21,92436863.28
10/26/2022,1564.33,1586,1542.46,1566.18,84479409.58
10/27/2022,1565.89,1577.87,1533,1554.98,72425258.84
10/27/2022,1555.29,1571.43,1549.34,1556.6,49894919.27
10/27/2022,1556.64,1560,1535.12,1551.02,84446626.91
10/27/2022,1550.81,1578.69,1533.51,1544.2,146743537
10/27/2022,1544.4,1566.24,1539.3,1562.54,55741673.05
10/27/2022,1562.55,1563.68,1501.76,1514.15,99248536.86
10/28/2022,1514.37,1525.49,1495.23,1507.86,66583722.41
10/28/2022,1507.74,1520.37,1488,1493.74,38510366.76
10/28/2022,1493.94,1510.25,1485,1497.97,50317298.73
10/28/2022,1497.97,1550,1480.07,1538.14,128193900.7
10/28/2022,1538.21,1573.3,1533.27,1557.72,73290777.9
10/28/2022,1557.76,1575,1551.85,1554.5,32978650.93
10/29/2022,1554.54,1594.32,1547.32,1589.33,39246943.92
10/29/2022,1589.46,1604.1,1574.65,1594.69,40714376.08
10/29/2022,1594.59,1653.71,1590.31,1615.07,79058618.49
10/29/2022,1615.38,1644.58,1608.7,1632.44,71333049.21
10/29/2022,1632.6,1663.71,1617.28,1623.38,77033202.07
10/29/2022,1623.39,1632.15,1603.52,1619.66,33946035.78
10/30/2022,1619.91,1624.78,1605.6,1622.16,26465536.74
10/30/2022,1622.22,1640.16,1618.11,1628.73,31777725.16
10/30/2022,1628.72,1630.23,1591,1604.78,45714435.95
10/30/2022,1604.97,1607.92,1579.2,1587,47011793.78
10/30/2022,1587.17,1596.78,1576,1587.2,36976693.92
10/30/2022,1587.21,1598.78,1576.68,1590.6,32215642.85
10/31/2022,1590.6,1597,1561.83,1582.35,41336550.37
10/31/2022,1582.29,1596.44,1578.6,1591.1,31611020.15
10/31/2022,1591.34,1636,1578.19,1621.44,58999823.84
10/31/2022,1621.43,1625.96,1546.25,1569.59,100679118
10/31/2022,1569.29,1584.13,1555.11,1563.98,63980912.47
10/31/2022,1564.03,1577.9,1550.14,1572.76,42287137.9
11/1/2022,1572.82,1605,1568.59,1586.68,61606836.32
11/1/2022,1586.75,1603.23,1579.87,1590.97,42696873.26
11/1/2022,1590.96,1613.43,1582.4,1590.03,54740497.13
11/1/2022,1590.29,1598.73,1563.22,1574.42,61704980.58
11/1/2022,1574.42,1586.89,1568.2,1576.72,50403457.32
11/1/2022,1576.53,1583.24,1568.68,1578.54,34629633.97
11/2/2022,1578.58,1595.9,1571.82,1590.81,55388520.36
11/2/2022,1590.79,1600.7,1554.17,1564.69,59843034.08
11/2/2022,1564.69,1578.94,1536.68,1556.03,59638926.85
11/2/2022,1556.02,1567.19,1546.6,1558.6,46002124.34
11/2/2022,1558.6,1621.08,1524.82,1536.46,174193211.5
11/2/2022,1535.83,1537.69,1502.05,1518.54,42558482.35
11/3/2022,1518.54,1556.24,1515.22,1547.45,18643580.67
11/3/2022,1547.38,1559,1542.13,1544.2,11915017.38
11/3/2022,1544.21,1556.64,1523,1532.11,14462831.81
11/3/2022,1532.1,1557,1522.24,1542.58,22770631.64
11/3/2022,1542.59,1549.09,1538.41,1544.09,8490747.101
11/3/2022,1544.05,1544.84,1524.62,1530.99,17746051.03
11/4/2022,1530.99,1549.71,1528.35,1548.84,11087196.82
11/4/2022,1548.95,1587.91,1546.28,1587.45,19331619.51
11/4/2022,1587.46,1599.22,1575.5,1577.5,17246424.75
11/4/2022,1577.49,1678.3,1555,1625.01,74784438.49
11/4/2022,1625.01,1649.39,1607.93,1648.15,36144497.97
11/4/2022,1648.19,1653.89,1639.68,1644.92,12337044.21
11/5/2022,1644.71,1666.9,1635.4,1646.59,16633023.61
11/5/2022,1646.59,1658.8,1643.3,1651.5,6817001.681
11/5/2022,1651.49,1651.84,1636.31,1649.91,9471491.199
11/5/2022,1649.82,1650.39,1623.55,1635.9,12621985.91
11/5/2022,1635.9,1643,1625,1633.39,9709018.678
11/5/2022,1633.4,1635,1620.76,1627.14,6618416.52
11/6/2022,1627.14,1633.7,1612.49,1621.12,11798276.34
11/6/2022,1621.18,1623.67,1614.07,1622.63,5179195.777
11/6/2022,1622.63,1639.13,1608.33,1620.62,10361952.23
11/6/2022,1620.62,1634.37,1615.69,1623.95,7809325.438
11/6/2022,1623.59,1626.11,1603.32,1610.22,17702392.57
11/6/2022,1610.13,1613.2,1562.88,1568.19,22879714.08
11/7/2022,1568.19,1595.39,1564.11,1587.44,19363282.76
11/7/2022,1587.45,1594.74,1546.4,1550.09,17820401.68
11/7/2022,1550.1,1583.95,1546.35,1580.04,14650314.43
11/7/2022,1580.05,1593.29,1567.61,1592.24,22603355.85
11/7/2022,1592.24,1608.48,1575.99,1600.42,19542282.23
11/7/2022,1600.43,1607.19,1548,1568.01,23526967.17
11/8/2022,1568.03,1576.76,1503.1,1507.11,25660062.71
11/8/2022,1507.11,1514.3,1431,1492.29,43875696.85
11/8/2022,1492.29,1494.59,1469.2,1476.95,14641737.31
11/8/2022,1476.85,1487.19,1423.11,1462.1,34211113.08
11/8/2022,1462.04,1579,1225,1316.08,155607790.8
11/8/2022,1316.08,1344.85,1280,1334.41,51677892.42
11/9/2022,1334.5,1337.19,1283.52,1312.24,25192826.13
11/9/2022,1312.38,1318.88,1266.11,1274.11,23048044.73
11/9/2022,1274.37,1276.55,1137.1,1220.18,65176113.28
11/9/2022,1220.16,1249.25,1148.82,1163.24,50299155.07
11/9/2022,1163.23,1205.27,1144.28,1195.92,40824236.26
11/9/2022,1195.76,1199.87,1073.42,1102.95,39679349.78
11/10/2022,1102.95,1184.9,1086.61,1173.8,31389781.76
11/10/2022,1173.99,1205.29,1159.65,1190.47,14549776.79
11/10/2022,1190.45,1222,1175.86,1186.99,18655982
11/10/2022,1187.2,1347.76,1186.27,1321.88,39663819.58
11/10/2022,1321.93,1350,1248.8,1292.99,25254454.69
11/10/2022,1292.53,1342.84,1284.47,1299.66,16233877.32
11/11/2022,1299.67,1309,1221.75,1239.2,16373888.94
11/11/2022,1239.17,1287.84,1227.63,1278.43,12265818.16
11/11/2022,1278.44,1293.09,1264.13,1275.79,8874306.756
11/11/2022,1276.1,1309.01,1201,1260.36,26871892.86
11/11/2022,1260.21,1287.3,1233.97,1274,14255220.1
11/11/2022,1274.22,1295,1238.47,1288.74,8762028.558
11/12/2022,1288.96,1291.89,1254,1259.59,5097624.148
11/12/2022,1259.59,1277.09,1239.03,1266.47,8383638.582
11/12/2022,1266.34,1275,1249.69,1260.72,5778635.837
11/12/2022,1260.72,1284,1253.07,1274.96,6666959.213
11/12/2022,1274.98,1278.92,1262.81,1268.7,4774377.521
11/12/2022,1268.77,1269.02,1247.75,1257.12,4066019.3
11/13/2022,1257.03,1274,1253.73,1272.33,4234615.099
11/13/2022,1272.21,1274.23,1232.1,1251.08,5666005.968
11/13/2022,1251.08,1253.14,1215.11,1240.24,8361493.058
11/13/2022,1240.51,1248,1224,1231.64,5724647.123
11/13/2022,1231.53,1237.7,1216.28,1229.25,8137532.39
11/13/2022,1229.1,1238.8,1201.35,1221.86,9455554.11
11/14/2022,1221.83,1230.37,1171.53,1193.3,12735899.73
11/14/2022,1193.29,1261.58,1175.44,1259.83,11738091.04
11/14/2022,1259.73,1275.59,1252,1252.3,7766199.468
11/14/2022,1252.41,1290.86,1235.79,1245.59,11743388.73
11/14/2022,1245.71,1249.46,1210.1,1215.8,12221516.22
11/14/2022,1215.94,1250,1210.32,1242.9,9169979.857
11/15/2022,1242.91,1266.23,1236.45,1256.91,7131452.793
11/15/2022,1256.89,1273.04,1247.59,1266.51,7302575.647
11/15/2022,1266.51,1279,1255.01,1260.36,9456730.177
11/15/2022,1260.36,1290,1257.81,1264.4,13430202.73
11/15/2022,1264.39,1274.33,1232.99,1256.43,22776849.75
11/15/2022,1256.75,1266,1240.56,1253.22,14592093.08
11/16/2022,1253.3,1268.69,1248.04,1264.76,12077261.89
11/16/2022,1264.75,1265.28,1243.31,1245.69,10146093.77
11/16/2022,1245.45,1254.39,1216.91,1222.33,16044566.51
11/16/2022,1222.51,1232,1187.53,1192.66,25328742.5
11/16/2022,1192.64,1222.79,1187.25,1208.91,17156222.4
11/16/2022,1208.91,1221.4,1200.03,1216.23,8220603.385
11/17/2022,1216.41,1228.13,1202.14,1204,9566869.536
11/17/2022,1204.25,1216.38,1193.24,1204.45,10902278.2
11/17/2022,1204.52,1208.17,1182.7,1203.66,10224214.46
11/17/2022,1203.66,1217.16,1184.35,1192.61,15926460.53
11/17/2022,1192.61,1217.14,1189,1202.42,21450996.02
11/17/2022,1202.5,1210.2,1196.84,1200.37,8529955.181
11/18/2022,1200.47,1234.27,1199.24,1219.91,10424568.89
11/18/2022,1219.91,1224.14,1212.91,1214.46,3988559.938
11/18/2022,1214.43,1225.92,1205,1217.31,5641893.261
11/18/2022,1217.31,1226.75,1207.13,1211.05,9046478.223
11/18/2022,1211.06,1214.5,1200.87,1209.47,9951361.882
11/18/2022,1209.67,1215,1206.03,1212.71,4980909.461
11/19/2022,1212.72,1213.46,1201.31,1208.31,5666631.417
11/19/2022,1208.58,1209.73,1197.33,1206.78,6327169.982
11/19/2022,1206.73,1212.25,1204.03,1211.31,5139833.658
11/19/2022,1211.36,1212,1205.76,1209.58,3561948.982
11/19/2022,1209.58,1211.8,1207.2,1208.68,4381725.104
11/19/2022,1208.68,1232.73,1208.68,1217.66,12709667.14
11/20/2022,1217.59,1226.58,1215.52,1218.78,5806912.492
11/20/2022,1218.83,1223,1217.81,1220.14,2763906.891
11/20/2022,1220.14,1220.55,1161.81,1167.54,17639654.16
11/20/2022,1167.39,1181.51,1153.74,1177.32,15196361.8
11/20/2022,1177.33,1189.91,1169.53,1185.29,8389447.183
11/20/2022,1185.35,1186.51,1133.23,1142.48,17317704.14
11/21/2022,1142.48,1144.18,1111,1125.41,19364304.52
11/21/2022,1125.26,1139.23,1117,1123.33,13770374.13
11/21/2022,1123.35,1130.93,1106.11,1124.93,17783687.69
11/21/2022,1124.93,1146.51,1115.31,1130.56,16353890.48
11/21/2022,1130.57,1133,1080,1091.26,32001040.38
11/21/2022,1091.35,1122.5,1082.48,1107.35,20907243.5
11/22/2022,1107.47,1117.27,1097,1104.36,12947060.97
11/22/2022,1104.29,1107.1,1080.43,1093.46,15584270.63
11/22/2022,1093.5,1094.98,1075,1085.71,18161413.03
11/22/2022,1085.61,1142.1,1079.5,1135.27,33739596.76
11/22/2022,1135.27,1142.73,1113.66,1127.34,25686918.34
11/22/2022,1127.34,1141.48,1122.93,1139.19,15493320.48
11/23/2022,1139.5,1171.18,1127.8,1170.66,19671018.07
11/23/2022,1170.72,1171.29,1157.35,1166.64,13528989.17
11/23/2022,1166.62,1181,1160.66,1174.95,13890829.9
11/23/2022,1175,1177.98,1154,1161,12268638.97
11/23/2022,1161.05,1189.47,1149.99,1169.1,23438368.03
11/23/2022,1169.02,1190.82,1162.8,1184.78,15279562.48
11/24/2022,1184.53,1209.83,1180.29,1201.73,23736089.2
11/24/2022,1201.73,1217.44,1198.8,1206.77,11629870.54
11/24/2022,1206.6,1208.15,1191.51,1195.85,14586192.89
11/24/2022,1195.86,1204,1186.2,1195.08,12876542.53
11/24/2022,1195.08,1208.34,1192.71,1203.07,12178563.03
11/24/2022,1203.08,1206.04,1194.01,1203.98,8329348.122
11/25/2022,1203.81,1204.72,1181.19,1186.1,11591842.09
11/25/2022,1186.1,1187.73,1171.45,1185.33,15082326.97
11/25/2022,1185.08,1198.56,1175.94,1193.21,11170225.65
11/25/2022,1193.33,1199.99,1181.43,1189.87,14061550.77
11/25/2022,1189.86,1198.99,1183.02,1197.17,9658133.668
11/25/2022,1197.05,1207,1195.77,1198.99,8334044.894
11/26/2022,1199,1228.49,1196.68,1215.63,14872167.13
11/26/2022,1215.64,1225.83,1212.29,1219.22,8990318.987
11/26/2022,1219.13,1227.98,1215.02,1221.76,10170718.16
11/26/2022,1221.77,1234.96,1206.1,1211.09,12054873.99
11/26/2022,1211.09,1215.28,1201.94,1207.43,8048463.185
11/26/2022,1207.44,1212.8,1196.02,1205.18,6258705.182
11/27/2022,1205.55,1218.22,1204.46,1216.34,6139252.735
11/27/2022,1216.34,1223.07,1215.15,1217.1,5520666.309
11/27/2022,1217.11,1221.11,1209.49,1215.35,8931253.487
11/27/2022,1215.36,1219.77,1207.91,1218.11,6823778.789
11/27/2022,1218.17,1220.7,1211.38,1213.14,5634877.787
11/27/2022,1213.14,1218.35,1188.16,1193.7,10879819.47
11/28/2022,1193.77,1199.05,1158.51,1172.44,23225493.46
11/28/2022,1172.45,1178.76,1166.51,1174.18,10173497.38
11/28/2022,1174.14,1176.56,1163.99,1170.5,9087042.409
11/28/2022,1170.51,1181.88,1155,1163.47,18361312.21
11/28/2022,1163.47,1184.11,1150.91,1171.56,11989844.85
11/28/2022,1171.62,1176.02,1166.16,1167.67,9158839.09
11/29/2022,1167.68,1190,1158.55,1184.75,11318982.51
11/29/2022,1184.75,1214.69,1184.33,1206.93,19002028.84
11/29/2022,1206.96,1222.97,1205.21,1216.84,18536319.06
11/29/2022,1216.98,1218.64,1202.12,1208.59,12568732.31
11/29/2022,1208.59,1220.39,1203.01,1215.36,9359728.365
11/29/2022,1215.35,1228,1215.35,1216.42,8700501.326
11/30/2022,1216.43,1282.38,1212.9,1264.97,30189710.01
11/30/2022,1264.97,1274.59,1264.97,1272.64,7506924.896
11/30/2022,1272.64,1276.7,1261.1,1266.53,8069452.512
11/30/2022,1266.73,1272.4,1256.31,1267.38,11740508.21
11/30/2022,1267.39,1300,1257.71,1286.54,23042506.61
11/30/2022,1286.91,1309.99,1285.12,1294.6,21990990.89
12/1/2022,1294.38,1296.01,1281.22,1288.02,12407005.58
12/1/2022,1288.02,1289.23,1275.7,1278.76,7371412.837
12/1/2022,1278.61,1286.02,1277.41,1283.11,8136419.993
12/1/2022,1283.1,1300,1262.96,1271.4,16086217.88
12/1/2022,1271.41,1278.58,1265.8,1275.72,7175528.6
12/1/2022,1275.72,1282.44,1267.05,1276.3,5626981.666
12/2/2022,1276.3,1284.4,1265.37,1271.55,7928964.15
12/2/2022,1271.55,1278.53,1268.03,1275.73,5683100.25
12/2/2022,1275.74,1294.08,1273.75,1288.82,8532419.534
12/2/2022,1288.82,1297.28,1268.35,1278.81,18823670
12/2/2022,1278.8,1288.06,1274.12,1287.36,6654209.166
12/2/2022,1287.45,1296.59,1286.64,1295.72,7117737.776
12/3/2022,1295.51,1306,1282,1285.89,9986036.833
12/3/2022,1285.89,1290.24,1273.22,1276.04,6290808.051
12/3/2022,1276.04,1276.99,1261.2,1269.7,8501360.446
12/3/2022,1269.78,1275.29,1266.45,1271.07,4844995.155
12/3/2022,1271.08,1271.66,1262.7,1266.25,4539546.085
12/3/2022,1266.24,1266.78,1237,1240.68,12591807.81
12/4/2022,1240.69,1264.14,1240.3,1256.98,3976046.86
12/4/2022,1257.04,1267.19,1253.68,1256.81,3388914.886
12/4/2022,1256.81,1263.53,1251.89,1255.08,2903255.581
12/4/2022,1255.34,1262.44,1250,1259.72,5749239.363
12/4/2022,1259.73,1282.32,1256.68,1278.78,13339455.17
12/4/2022,1278.72,1286.03,1271.42,1279.35,6941587.094
12/5/2022,1279.34,1297.7,1276.63,1290.89,13548108.17
12/5/2022,1291.02,1304.65,1289.77,1297.24,10886891.93
12/5/2022,1297.25,1305.48,1291.44,1295.14,19219231.22
12/5/2022,1295.15,1295.84,1257.05,1266.27,9848645.368
12/5/2022,1266.27,1270.19,1246.91,1253.87,13140556.18
12/5/2022,1253.87,1262.1,1251.95,1259.46,8415307.304
12/6/2022,1259.46,1270,1259.46,1261.63,7312174.07
12/6/2022,1261.63,1263.16,1254.47,1260.39,6879299.803
12/6/2022,1260.39,1265.04,1243,1256.18,11003275.35
12/6/2022,1256.19,1262.3,1245,1254.45,8213890.838
12/6/2022,1254.65,1259.5,1242.44,1250.12,7821851.187
12/6/2022,1250.12,1274.56,1247.77,1271.16,9991484.102
12/7/2022,1271.17,1277.36,1258.92,1262.2,8852081.216
12/7/2022,1262.19,1264.7,1220.05,1224.36,13110375.89
12/7/2022,1224.67,1230.89,1219.26,1225.16,4838639.318
12/7/2022,1225.14,1241.76,1221,1233.92,6303781.871
12/7/2022,1233.93,1237.77,1227.21,1232.14,3905385.311
12/7/2022,1232.14,1234.9,1223,1231.16,3646310.858
12/8/2022,1231.32,1239.29,1222.2,1231.67,5114342.893
12/8/2022,1231.67,1235.98,1224.78,1232.49,2614892.532
12/8/2022,1232.5,1245,1228.11,1240.31,6581433.719
12/8/2022,1240.59,1253.38,1236.24,1249.85,8873842.372
12/8/2022,1249.86,1292.12,1248.75,1283.63,15724075.28
12/8/2022,1283.62,1286.32,1275.8,1279.97,4932440.605
12/9/2022,1279.97,1290,1273,1283.8,5198288.355
12/9/2022,1283.95,1285.43,1277.57,1282.41,2149538.659
12/9/2022,1282.41,1292.15,1278.24,1287.74,5780371.088
12/9/2022,1287.74,1296.64,1261.92,1277.45,11441355.83
12/9/2022,1277.45,1278.19,1264,1268.62,6027399.448
12/9/2022,1268.84,1269.18,1255.7,1263,5684718.636
12/10/2022,1262.96,1268.67,1261.73,1265.37,2928700.567
12/10/2022,1265.38,1266.83,1262.71,1264.73,1507988.427
12/10/2022,1264.74,1267.74,1259.8,1266.27,3185024.944
12/10/2022,1266.28,1279.09,1263.57,1278.33,4351079.265
12/10/2022,1278.34,1283.48,1266.63,1272.12,4561092.117
12/10/2022,1272.12,1273.73,1261.92,1266.46,2724425.465
12/11/2022,1266.47,1273.09,1265.34,1272.52,2111576.091
12/11/2022,1272.53,1277.96,1272.29,1276.35,2427238.173
12/11/2022,1276.35,1277,1270.8,1273.45,1423861.653
12/11/2022,1273.45,1275.96,1268.98,1273.46,2270862.182
12/11/2022,1273.46,1285,1271.05,1274.45,3823324.617
12/11/2022,1274.46,1274.6,1256.04,1263.14,5570525.181
12/12/2022,1263.14,1263.14,1241.1,1243.94,9012399.102
12/12/2022,1243.94,1248.09,1240.83,1246.41,3825267.631
12/12/2022,1246.49,1257.19,1242.03,1254.45,4907166.588
12/12/2022,1254.45,1256.27,1243.7,1249,6603362.608
12/12/2022,1249.19,1256.28,1248.82,1254.61,3407176.768
12/12/2022,1254.61,1278.69,1253.79,1275.37,10027827.63
12/13/2022,1275.38,1278.05,1265.97,1269.52,4143164.831
12/13/2022,1269.52,1274.7,1255.6,1266.49,7477323.363
12/13/2022,1266.49,1289,1263.93,1286.84,10095111.14
12/13/2022,1286.84,1346.46,1286.57,1323.67,30566865.12
12/13/2022,1323.89,1328.72,1304.79,1316.5,11028709.63
12/13/2022,1316.5,1323.78,1311.76,1320.95,5013359.671
12/14/2022,1320.9,1326.81,1317.04,1320.12,6271701.524
12/14/2022,1319.95,1324.99,1316.01,1322.71,3279065.025
12/14/2022,1322.71,1328.8,1319.32,1326.32,7651729.403
12/14/2022,1326.33,1344.37,1325.05,1337.94,10232758.2
12/14/2022,1338.14,1353,1301.12,1307.35,27605891.52
12/14/2022,1307.43,1318.11,1301.66,1307.35,10356990.61
12/15/2022,1307.53,1311.07,1281.56,1292,9666873.009
12/15/2022,1292,1292.79,1286.6,1287.09,3167255.344
12/15/2022,1287.1,1291.23,1282.8,1291.08,3536933.75
12/15/2022,1290.97,1290.99,1263.54,1270.2,10752105.35
12/15/2022,1270.2,1275.9,1263.99,1274.97,5933455.993
12/15/2022,1274.98,1275.36,1258.6,1266.51,5906052.616
12/16/2022,1266.61,1273.6,1265.73,1271.67,5069928.729
12/16/2022,1271.68,1279.87,1266.97,1277.93,4714293.154
12/16/2022,1277.9,1279.7,1205.61,1213.16,21092747.24
12/16/2022,1213.15,1218.24,1194.05,1203.8,8499644.01
12/16/2022,1203.8,1204.61,1180.4,1202.96,8799640.419
12/16/2022,1202.96,1212.16,1155.62,1166.77,16387172.33
12/17/2022,1167,1178.99,1162.13,1175.12,5191743.604
12/17/2022,1175.12,1185.34,1173.54,1183.74,4606138.126
12/17/2022,1183.74,1188.45,1174.16,1180.01,4782020.818
12/17/2022,1180.05,1182.84,1174.49,1180.17,4507456.127
12/17/2022,1180.17,1180.23,1171,1176.84,3528819.824
12/17/2022,1176.74,1190.21,1175.43,1187.14,4830202.72
12/18/2022,1187.14,1188.5,1180.18,1187.73,3078667.131
12/18/2022,1187.73,1197,1182.95,1186.75,4398214.602
12/18/2022,1186.74,1188.35,1172.3,1182.42,6189435.32
12/18/2022,1182.37,1183.95,1173.68,1174.46,2864917.901
12/18/2022,1174.24,1190.39,1174.07,1183.49,5750717.434
12/18/2022,1183.49,1194,1180.5,1182.94,4368422.314
12/19/2022,1182.94,1195.17,1174.02,1179.33,6664113.166
12/19/2022,1179.32,1184.39,1177.47,1180.24,2354783.112
12/19/2022,1179.85,1188.59,1179.41,1183.14,3222469.918
12/19/2022,1183.14,1188.99,1177.44,1179.68,6105225.776
12/19/2022,1179.69,1182.45,1165.04,1171.01,9127853.763
12/19/2022,1171.01,1181.32,1150.01,1167.69,7435043.145
12/20/2022,1167.89,1198.55,1163.1,1192.59,9674101.119
12/20/2022,1192.59,1215,1190.64,1208.37,6638974.007
12/20/2022,1208.36,1218.53,1205.96,1212.62,4543099.165
12/20/2022,1212.3,1230,1204.38,1217.22,9875667.36
12/20/2022,1217.21,1218.19,1205.2,1216.65,4986787.764
12/20/2022,1216.65,1220.85,1211.63,1217.36,2929736.573
12/21/2022,1217.18,1218.97,1205.98,1210.02,2457270.882
12/21/2022,1210.11,1213.7,1202.87,1211.02,1971598.845
12/21/2022,1211.02,1218.4,1207.19,1216.92,3090424.705
12/21/2022,1216.5,1222.22,1206.27,1215.4,3840953.154
12/21/2022,1215.4,1215.72,1206.87,1208.61,2409841.534
12/21/2022,1208.62,1214.47,1207.27,1213.59,2320917.292
12/22/2022,1213.59,1217.8,1211.61,1214.13,2091072.614
12/22/2022,1214.14,1214.46,1209.72,1213.57,1494009.035
12/22/2022,1213.57,1220.87,1211.59,1217.07,2732456.391
12/22/2022,1217.07,1218.33,1184.99,1187.02,11492342.82
12/22/2022,1187.02,1194.94,1183.34,1194.88,5619963.205
12/22/2022,1194.88,1237,1194.31,1217.7,13153444.22
12/23/2022,1217.69,1228.81,1214.69,1223.86,2979956.149
12/23/2022,1223.86,1224.81,1219.84,1221.81,1015388.924
12/23/2022,1222,1225.6,1215.78,1222.6,3045600.527
12/23/2022,1222.54,1230.72,1212,1218.78,8713312.251
12/23/2022,1218.78,1221.11,1215.83,1220.01,2487663.926
12/23/2022,1220.01,1222.15,1215.97,1219.8,1635141.03
12/24/2022,1219.81,1221.33,1215.25,1218.77,979003.8258
12/24/2022,1218.94,1221,1214.45,1220.2,1435033.688
12/24/2022,1220.2,1220.72,1216.58,1219.29,782030.007
12/24/2022,1219.29,1219.37,1217.33,1219.06,844678.4156
12/24/2022,1219.01,1227.47,1217.7,1223.59,2620169.825
12/24/2022,1223.59,1223.85,1218.04,1220.46,1583118.704
12/25/2022,1220.46,1223.68,1219.69,1221.31,5038924.233
12/25/2022,1221.3,1221.31,1216,1219.95,1670233.57
12/25/2022,1219.95,1222,1217.24,1217.65,1041335.236
12/25/2022,1217.55,1219.02,1195,1211.05,8097159.776
12/25/2022,1211.05,1212.7,1196.1,1209.54,4807721.432
12/25/2022,1209.41,1223.44,1204.06,1218.58,4838590.198
12/26/2022,1218.58,1223.79,1216.7,1220.86,2053038.581
12/26/2022,1220.87,1223.42,1218.08,1220.77,1890935.233
12/26/2022,1220.78,1223.22,1217.78,1220.47,1901872.132
12/26/2022,1220.52,1220.76,1212,1215.38,3008755.084
12/26/2022,1215.38,1220.09,1212.38,1217.41,3025124.888
12/26/2022,1217.42,1230.94,1215.67,1228.05,3854382.589
12/27/2022,1228.32,1234.3,1221.66,1223.86,4418263.269
12/27/2022,1223.75,1224.64,1220.53,1222.26,1840747.789
12/27/2022,1222.27,1223.2,1215.54,1219.23,7303634.906
12/27/2022,1219.23,1219.46,1206.38,1211.33,9834105.885
12/27/2022,1211.33,1212.81,1200,1211.12,5835807.915
12/27/2022,1211.12,1214.37,1208.55,1211.53,2447025.263
12/28/2022,1211.53,1215.43,1186.72,1197.88,7561887.383
12/28/2022,1197.78,1199.38,1188.74,1194.69,3216591.912
12/28/2022,1194.68,1198.26,1193.65,1196.38,3303146.85
12/28/2022,1196.38,1208.35,1186.96,1189.38,7122945.847
12/28/2022,1189.25,1201.43,1187.88,1192.97,4697902.138
12/28/2022,1192.97,1195.08,1178.7,1190.02,10540444.36
12/29/2022,1190.08,1195.45,1186.85,1194.65,3441116.592
12/29/2022,1194.65,1198,1192.16,1194.9,2450382.614
12/29/2022,1194.91,1202.6,1190.31,1198.95,5438001.113
12/29/2022,1198.96,1206.02,1197.86,1201.09,6546226.638
12/29/2022,1201.09,1202.9,1194.48,1198.49,2867596.098
12/29/2022,1198.5,1204.29,1191.49,1200.75,4907284.662
12/30/2022,1200.69,1202.22,1195.02,1197.65,2845260.932
12/30/2022,1197.66,1197.92,1184.65,1188.38,4679195.411
12/30/2022,1188.39,1194.7,1188.05,1190.67,3334730.418
12/30/2022,1190.67,1198.33,1181.58,1195,5001160.37
12/30/2022,1195,1198.32,1192.7,1194.88,3400382.936
12/30/2022,1194.88,1201.25,1194.87,1199.92,3741926.684
12/31/2022,1199.92,1200.28,1193.61,1194.46,1580593.372
12/31/2022,1194.35,1197.3,1192.1,1197.13,2699998.55
12/31/2022,1197.14,1200,1195.52,1197.3,1868659.577
12/31/2022,1197.3,1208.33,1195.79,1203.15,3306830.729
12/31/2022,1203.04,1205.55,1198.61,1202.73,2507545.116
12/31/2022,1202.74,1203.74,1193.2,1196.21,2548612.304
1/1/2023,1196.21,1196.76,1191.54,1194.07,2730700.272
1/1/2023,1194.07,1195.58,1191.2,1195.31,1661454.183
1/1/2023,1195.05,1197.46,1193.81,1196.21,1188944.131
1/1/2023,1196.22,1198.2,1193.37,1196.67,1284708.48
1/1/2023,1196.67,1204.45,1195.67,1201.71,3667282.502
1/1/2023,1201.71,1204.8,1199.31,1200.54,1957668.439
1/2/2023,1200.36,1203.69,1193,1201.85,3002913.457
1/2/2023,1201.99,1218.5,1199.67,1212.98,4903258.265
1/2/2023,1213.16,1223.3,1211.98,1217.2,4575825.937
1/2/2023,1217.2,1220.77,1213.93,1218.98,3122458.959
1/2/2023,1218.98,1219.64,1215.77,1218.83,1819970.699
1/2/2023,1218.83,1222.57,1210.99,1213.98,3138162.116
1/3/2023,1213.98,1216.62,1211.46,1215.66,3275005.321
1/3/2023,1215.66,1219.79,1213.29,1216.69,1888557.092
1/3/2023,1216.69,1218.53,1213.98,1214.85,2512468.995
1/3/2023,1214.85,1219.23,1206.51,1211.81,4719850.091
1/3/2023,1212.08,1212.79,1205.12,1209.62,3020672.624
1/3/2023,1209.61,1216.1,1209.61,1214.68,2540517.66
1/4/2023,1214.69,1254.58,1212.98,1251.03,14647083.13
1/4/2023,1251.04,1254.66,1247.46,1252.39,6305328.026
1/4/2023,1252.3,1260.97,1248.42,1251.6,5983043.111
1/4/2023,1251.59,1258.08,1243.6,1256.01,7544225.518
1/4/2023,1256,1270.8,1250.87,1254.32,13498017.2
1/4/2023,1254.33,1257.4,1245.93,1256.87,4059644.575
1/5/2023,1256.86,1259.91,1252,1252.82,4316315.933
1/5/2023,1252.82,1254.74,1247.77,1251,2489895.833
1/5/2023,1251.01,1255.69,1245.73,1255.6,3968172.561
1/5/2023,1255.6,1255.86,1243.11,1249.26,4365038.017
1/5/2023,1249.23,1254.98,1246.52,1253.76,3754357.149
1/5/2023,1253.76,1254.41,1248.21,1251.07,2323549.158
1/6/2023,1251.45,1258.32,1248.25,1250.98,3049135.603
1/6/2023,1250.99,1252.18,1246.3,1247.9,2484111.208
1/6/2023,1247.9,1250.3,1237,1243.35,5461806.843
1/6/2023,1243.35,1264.74,1236.24,1263.3,11930812.48
1/6/2023,1263.24,1276.3,1260.2,1273.06,7868158.048
1/6/2023,1273.05,1276.32,1265.19,1269.19,4534796.596
1/7/2023,1269.2,1270.95,1265.29,1266.44,2153137.117
1/7/2023,1266.44,1266.8,1262.15,1266.67,1968353.889
1/7/2023,1266.68,1266.86,1262.9,1263.71,1821675.591
1/7/2023,1263.72,1265.73,1261.47,1265.16,1782570.561
1/7/2023,1265.16,1266,1261.91,1265.5,2084902.444
1/7/2023,1265.51,1266.64,1261.56,1264.07,3077929.549
1/8/2023,1264.1,1264.79,1258.07,1262.89,2758752.046
1/8/2023,1262.89,1264.2,1262.25,1263.5,1306438.494
1/8/2023,1263.51,1266.16,1260.58,1261.59,2799498.375
1/8/2023,1261.59,1276,1261.27,1275.01,3327736.234
1/8/2023,1275,1280,1261.88,1265.24,4698688.771
1/8/2023,1265.23,1295.1,1264.35,1290.27,9022074.301
1/9/2023,1290.13,1313,1285.26,1309.98,13381886.74
1/9/2023,1309.98,1314.4,1307.5,1311.8,4722922.795
1/9/2023,1311.73,1327.79,1308.14,1318.11,10545990.12
1/9/2023,1318.22,1341.99,1315.77,1335.91,10123659.08
1/9/2023,1335.91,1344.79,1330.15,1330.15,8889187.758
1/9/2023,1330.13,1331.51,1315.05,1320.44,9794660.412
1/10/2023,1320.43,1329.3,1317.1,1325.05,6368127.244
1/10/2023,1324.84,1328.58,1322.42,1323.32,3588119.015
1/10/2023,1323.33,1334.68,1321.6,1329.33,8107205.361
1/10/2023,1329.33,1340.44,1323.02,1333.94,10592361.05
1/10/2023,1333.93,1344.25,1327.93,1339.1,5648404.32
1/10/2023,1339.17,1347.08,1333.72,1335.83,7894882.087
1/11/2023,1335.94,1341.73,1327.39,1331.06,6299143.003
1/11/2023,1331.07,1335.82,1327.64,1335.67,3413110.16
1/11/2023,1335.67,1337.79,1331.26,1336.25,3204249.844
1/11/2023,1336.25,1336.25,1321.03,1323.12,5307313.569
1/11/2023,1322.98,1344.84,1321.88,1342.82,7853426.613
1/11/2023,1342.93,1397.56,1339.34,1389.41,19059799.6
1/12/2023,1389.59,1419.56,1385.82,1400.91,18348497.21
1/12/2023,1400.92,1405.2,1393.94,1398.61,8108195.043
1/12/2023,1398.61,1402.79,1394.9,1398.18,5479470.472
1/12/2023,1398.06,1409.27,1356.4,1385.78,34530808.88
1/12/2023,1385.78,1437.52,1382.94,1425.65,22560148.26
1/12/2023,1425.85,1437.73,1414.3,1415.85,8637362.805
1/13/2023,1415.86,1418.08,1400.92,1414.74,6815917.986
1/13/2023,1414.74,1415.5,1405.64,1408.22,3732178.233
1/13/2023,1408.29,1419.07,1403.72,1409.78,6713617.189
1/13/2023,1409.94,1424.33,1401.65,1421.88,13126752.95
1/13/2023,1421.87,1424.79,1406.94,1420,12197154.26
1/13/2023,1420,1464.51,1417.55,1451.02,18904483.82
1/14/2023,1451.03,1594.2,1449.11,1556.09,49230446.42
1/14/2023,1556.09,1557.69,1540.97,1553.54,9294018.115
1/14/2023,1553.54,1565.03,1504.84,1530.41,20594721.39
1/14/2023,1530.41,1547.49,1507.76,1525.69,14231312.37
1/14/2023,1525.38,1539.01,1523.51,1529.66,7658499.641
1/14/2023,1529.46,1559,1527.27,1549.83,8555123.52
1/15/2023,1549.74,1552.09,1515.75,1525.51,9212748.29
1/15/2023,1525.5,1529.89,1521.51,1528.93,2654472.373
1/15/2023,1528.93,1534.75,1518.78,1533.58,5461009.925
1/15/2023,1533.58,1559.74,1528.98,1556.18,8201084.958
1/15/2023,1556.18,1566.3,1533.24,1550.38,12362773.58
1/15/2023,1550.37,1560.49,1542.12,1552.39,5802840.266
1/16/2023,1552.4,1584.32,1540,1568.84,18352650.72
1/16/2023,1568.85,1578.22,1563,1566,8268698.768
1/16/2023,1565.99,1566.58,1522.95,1542.41,10580246.92
1/16/2023,1542.41,1553.28,1521.22,1549.85,9294522.51
1/16/2023,1549.55,1603.74,1545.57,1591.28,21256431.96
1/16/2023,1591.19,1598.9,1572.12,1576.88,10095152.5
1/17/2023,1577,1581.97,1541.97,1563.63,12040144.95
1/17/2023,1563.63,1577,1558.28,1563.23,4914866.077
1/17/2023,1563.23,1571.91,1558.33,1569.16,4482980.002
1/17/2023,1569.16,1607.77,1561,1571.48,19684026.11
1/17/2023,1571.47,1599.14,1563.9,1588.69,11706654.98
1/17/2023,1588.86,1592.69,1563.6,1565.21,7877111.513
1/18/2023,1565.62,1592.06,1562.9,1581.83,8288316.244
1/18/2023,1581.83,1589.98,1578.13,1583.35,4412847.238
1/18/2023,1583.34,1583.86,1571.4,1576.07,6332385.925
1/18/2023,1576.04,1610,1533.01,1550,28199707.12
1/18/2023,1549.65,1566.6,1501.31,1541.73,30425805.62
1/18/2023,1541.99,1544.58,1507.4,1511.01,11550446.07
1/19/2023,1511.42,1528.26,1509.45,1524.97,7183126.447
1/19/2023,1524.97,1532.55,1524.96,1528.27,3007800.451
1/19/2023,1528.31,1531.61,1516.14,1519.6,4313910.352
1/19/2023,1519.6,1547.5,1513.46,1532.86,9340016.26
1/19/2023,1532.87,1554.66,1522.81,1551.77,9541938.104
1/19/2023,1551.76,1564.5,1544.22,1551.18,9461046.282
1/20/2023,1551.17,1563.83,1545.4,1554.14,5175077.053
1/20/2023,1554.14,1556.7,1542.01,1550.23,4649031.494
1/20/2023,1550.22,1555.8,1545.32,1549.34,3467521.473
1/20/2023,1549.35,1569.39,1548.93,1563.54,7828928.738
1/20/2023,1563.53,1600.9,1561.47,1600.34,21922839.63
1/20/2023,1600.36,1670,1600.36,1658.43,29765565.56
1/21/2023,1658.44,1677,1642.42,1648.71,10405111.82
1/21/2023,1648.57,1654.57,1644.91,1651.38,4720854.102
1/21/2023,1651.39,1679.53,1620,1647.09,23044867.94
1/21/2023,1647.08,1667.15,1643.64,1647.19,12123168.58
1/21/2023,1647.2,1668.52,1645.91,1663.55,9663829.656
1/21/2023,1663.55,1667.96,1622.38,1626.64,12129381.07
1/22/2023,1626.64,1636.49,1604.6,1622.92,10626130.9
1/22/2023,1622.75,1631.29,1621.07,1627.04,4961364.639
1/22/2023,1627.04,1631.8,1619.24,1624.54,5622235.502
1/22/2023,1624.54,1650.26,1617.78,1635.61,9466328.565
1/22/2023,1635.61,1663.01,1629.5,1635.09,10574110.4
1/22/2023,1635.09,1636.19,1607.01,1627.43,13594353.17
1/23/2023,1627.43,1642.53,1625.68,1630.35,5378385.014
1/23/2023,1630.35,1637.78,1627.7,1633.3,4637811.704
1/23/2023,1633.3,1639.67,1630.6,1636.54,6403511.579
1/23/2023,1636.54,1647.38,1585,1620.94,25389875.08
1/23/2023,1620.99,1640.78,1609.92,1620.02,13939170.15
1/23/2023,1620.02,1635.1,1618.56,1626.39,8188206.858
1/24/2023,1626.44,1641.06,1622.72,1638.99,8016610.811
1/24/2023,1638.99,1640.71,1633.21,1635.67,3996341.747
1/24/2023,1635.66,1637.3,1614.51,1625.69,10289096.78
1/24/2023,1625.68,1631.8,1604,1620.28,12039419.87
1/24/2023,1620.66,1624.29,1606.4,1622.45,7107679.629
1/24/2023,1622.46,1624.4,1532.4,1556.22,26441098.69
1/25/2023,1556.22,1557.28,1516.64,1546.52,13622032.89
1/25/2023,1546.51,1558.84,1544.93,1553.8,6259973.975
1/25/2023,1553.65,1557.03,1537.68,1545.85,7304491.447
1/25/2023,1545.85,1566.98,1525.02,1544.07,13750446.49
1/25/2023,1544.07,1562.33,1541.35,1561.53,7532487.73
1/25/2023,1561.53,1642,1561.53,1611.55,35042606.81
1/26/2023,1611.56,1632.9,1610.2,1614.84,11547642.96
1/26/2023,1614.84,1621.98,1598.07,1604.77,7907790.781
1/26/2023,1604.72,1610.45,1592.21,1604.32,7794782.647
1/26/2023,1604.33,1620.92,1585.3,1590.29,17934842.62
1/26/2023,1590.29,1607.34,1577.6,1603.94,9641820.157
1/26/2023,1603.94,1610.98,1594.51,1601.07,8097218.555
1/27/2023,1601.07,1606.41,1553.01,1565.81,12333881.32
1/27/2023,1565.81,1589.58,1563.19,1585.43,6095616.248
1/27/2023,1585.43,1586.09,1572.68,1578.91,4800414.907
1/27/2023,1578.9,1594,1560,1574.73,12600135.34
1/27/2023,1574.72,1611.38,1574.23,1609.68,12513816.2
1/27/2023,1609.67,1621.06,1587,1597.72,14147715.93
1/28/2023,1597.71,1606.65,1592.27,1598.8,5433894.276
1/28/2023,1598.81,1603.28,1585.89,1592.64,4170444.032
1/28/2023,1592.65,1594.1,1575.86,1586.43,8884121.164
1/28/2023,1586.43,1586.43,1562.76,1578.44,10648960.53
1/28/2023,1578.44,1580.83,1569.9,1577.03,4889885.705
1/28/2023,1577.03,1577.41,1556.02,1572.16,6113158.459
1/29/2023,1572.06,1618.63,1566.28,1594.24,18927965.38
1/29/2023,1594.25,1599.25,1588.33,1592.58,4337356.352
1/29/2023,1592.59,1618.99,1589.17,1609.27,11194017.99
1/29/2023,1609.16,1625,1603.58,1611.53,9678074.645
1/29/2023,1611.53,1661.08,1605.49,1654.18,22708625.12
1/29/2023,1654.14,1655,1628.44,1645.01,13417914.03
1/30/2023,1645.01,1647.51,1631.64,1637.94,7511249.353
1/30/2023,1637.93,1641.36,1621.76,1627.61,5330737.808
1/30/2023,1627.5,1630,1576,1581.77,21395763.07
1/30/2023,1581.6,1597.09,1567.5,1584.79,15233818.77
1/30/2023,1584.78,1590.42,1533.01,1554.12,16988235.66
1/30/2023,1554.12,1567.74,1536.25,1565.96,10296584.57
1/31/2023,1565.96,1575.89,1561.76,1568.9,6823989.587
1/31/2023,1568.91,1581.04,1561.45,1580.14,4511288.47
1/31/2023,1579.91,1583.7,1565.78,1570.96,4251116.34
1/31/2023,1570.96,1596.06,1570.96,1588.77,9154294.82
1/31/2023,1588.93,1605.56,1586.79,1597.36,7250033.36
1/31/2023,1597.36,1600.54,1564,1585.38,12251898.17
2/1/2023,1585.38,1592.88,1576.66,1584.5,5347848.326
2/1/2023,1584.49,1585.6,1569.95,1575.49,3181082.797
2/1/2023,1575.42,1583.59,1566.5,1580.85,4960133.591
2/1/2023,1580.85,1589.68,1572.4,1575.67,7841511.033
2/1/2023,1575.42,1627.57,1555.3,1617.53,26605492
2/1/2023,1617.53,1648.15,1613.55,1641.65,23467966.8
2/2/2023,1641.65,1697.1,1639.34,1671.26,20625824.71
2/2/2023,1671.27,1676.63,1660.5,1664.27,5011127.77
2/2/2023,1664.27,1674.6,1661.09,1672.37,5601574.267
2/2/2023,1671.8,1689.6,1650.1,1678.23,14287489.86
2/2/2023,1678.4,1714.07,1666.43,1675.08,21165368.29
2/2/2023,1675.09,1686.24,1627.5,1643.19,14578230.15
2/3/2023,1643.36,1650.4,1630.69,1642.16,7677828.131
2/3/2023,1642.17,1647.1,1636.5,1637.85,4150687.147
2/3/2023,1637.85,1650.6,1630.13,1648.95,5341028.934
2/3/2023,1648.93,1673.98,1625.36,1663.77,22707784.23
2/3/2023,1663.76,1675.6,1650.77,1653,9666466.266
2/3/2023,1652.98,1671.73,1642,1663.37,7896578.896
2/4/2023,1663.37,1665.9,1650.64,1654.4,4306153.951
2/4/2023,1654.4,1660.3,1645.35,1658.3,4234804.33
2/4/2023,1658.25,1662.5,1651.55,1662.05,3504433.45
2/4/2023,1662.06,1695.46,1660.81,1679.56,11373452.58
2/4/2023,1679.55,1685.12,1672.14,1675.89,7337721.12
2/4/2023,1675.84,1689.03,1658.8,1666.39,7123961.977
2/5/2023,1666.55,1671,1657,1660.86,5459620.123
2/5/2023,1660.92,1671.29,1659.77,1667.99,3306376.909
2/5/2023,1668,1673.8,1660.83,1662.42,3987512.29
2/5/2023,1662.42,1664.59,1636.55,1644.39,13696795.04
2/5/2023,1644.21,1647.5,1609,1619.32,14829144.37
2/5/2023,1619.31,1639.6,1611.76,1629.06,7288463.43
2/6/2023,1629.06,1642.58,1617.99,1626.71,5675081.943
2/6/2023,1626.71,1635.59,1608.61,1635.48,6395205.196
2/6/2023,1635.59,1637.79,1622.4,1634.9,6007912.177
2/6/2023,1634.89,1649.09,1619.89,1648.38,10942450.77
2/6/2023,1648.37,1658.41,1639.86,1648.2,13175339.27
2/6/2023,1648.2,1649.2,1605.33,1614.18,12242564.4
2/7/2023,1614.17,1635.33,1612.9,1633.27,6138383.247
2/7/2023,1633.36,1637.7,1630.78,1632.16,4236456.064
2/7/2023,1632.16,1647.78,1628.4,1640.62,6697124.221
2/7/2023,1640.62,1644.9,1626.46,1630.85,5850499.918
2/7/2023,1630.71,1678.02,1624.38,1656.5,24652687.72
2/7/2023,1656.72,1677.6,1650.61,1670.98,9778564.982
2/8/2023,1670.98,1697.54,1668.01,1680.85,11674163.09
2/8/2023,1680.84,1682.82,1672.11,1677.55,4111863.536
2/8/2023,1677.35,1677.73,1668.1,1673.98,6837052.745
2/8/2023,1674,1682.29,1650.85,1653.45,14570916.31
2/8/2023,1653.44,1659.79,1630.8,1647.82,17658398.48
2/8/2023,1647.81,1655.89,1637.91,1650.34,7544900.132
2/9/2023,1650.34,1655.8,1609.84,1619.3,16090270.32
2/9/2023,1619.39,1636.44,1610.7,1630.15,7825558.813
2/9/2023,1630.15,1639.6,1630.15,1633.06,4545924.346
2/9/2023,1632.83,1648.93,1625.74,1632.09,10619298.74
2/9/2023,1632.09,1633.64,1558.5,1579.71,23438128.06
2/9/2023,1579.45,1582.33,1524.28,1545.47,21555592.79
2/10/2023,1545.47,1554.46,1542.04,1543.35,6357379.218
2/10/2023,1543.36,1552.75,1529.49,1551.9,7571403.02
2/10/2023,1551.89,1554.8,1533.91,1536.88,6457372.081
2/10/2023,1537.02,1547.85,1505.53,1522.42,12129464.76
2/10/2023,1522.43,1539.15,1514.8,1534.59,9484275.783
2/10/2023,1534.59,1535.73,1490.46,1513.3,10433791.34
2/11/2023,1512.94,1523.69,1507.57,1520.3,4724046.948
2/11/2023,1520.3,1523.2,1514.81,1520.77,2527091.476
2/11/2023,1520.77,1525.9,1515.67,1520.16,3124669.346
2/11/2023,1520.17,1526.7,1514.92,1522.65,3952992.264
2/11/2023,1522.65,1522.75,1506,1518.62,5291397.571
2/11/2023,1518.63,1544.24,1516.59,1538.45,6619506.722
2/12/2023,1538.45,1539.45,1530.3,1531.37,3570622.057
2/12/2023,1531.21,1534.6,1528.88,1530.89,2319402.985
2/12/2023,1530.89,1540.5,1530.89,1533.41,2876294.088
2/12/2023,1533.4,1541.27,1521.17,1536.1,6465448.945
2/12/2023,1536.2,1547.75,1534.51,1539.28,6752028.693
2/12/2023,1539.48,1542.06,1493.19,1515.18,13668286.07
2/13/2023,1515.18,1524.96,1496.78,1516.83,9791883.143
2/13/2023,1516.83,1526.16,1516.04,1522.75,4704981.668
2/13/2023,1522.75,1523.02,1466.11,1485.87,17013427.94
2/13/2023,1485.87,1491.67,1475.41,1475.76,8327170.97
2/13/2023,1475.76,1494.06,1461.77,1490.77,15313922.5
2/13/2023,1490.76,1510.33,1482.53,1505.45,6883756.825
2/14/2023,1505.56,1508.67,1494.21,1498.29,5145912.574
2/14/2023,1498.29,1507.78,1496.79,1505.97,2855939.23
2/14/2023,1505.97,1519.42,1497.05,1507.5,6178948.518
2/14/2023,1507.58,1568.89,1485,1544.69,41593095.68
2/14/2023,1544.7,1564.01,1533.8,1560.25,16282979.07
2/14/2023,1560.25,1563.84,1549.41,1555.66,8548672.307
2/15/2023,1555.66,1557.21,1542.7,1549.2,5847892.823
2/15/2023,1549.2,1552.19,1544.8,1547.51,3204518.24
2/15/2023,1547.62,1578,1544.5,1572.41,7614874.194
2/15/2023,1572.5,1593.3,1566.93,1579.71,17798614.61
2/15/2023,1579.7,1629.54,1573.61,1628.45,17098369.76
2/15/2023,1628.45,1681.3,1624.37,1674.84,33697530.02
2/16/2023,1674.83,1713,1672.61,1691.42,18769800.86
2/16/2023,1691.33,1697.44,1674.62,1681.9,10083707.08
2/16/2023,1681.9,1692.66,1678.15,1682.98,9188374.244
2/16/2023,1682.98,1727.98,1665.29,1724.41,21572114.36
2/16/2023,1724.36,1742.43,1686.07,1710.65,25028498.23
2/16/2023,1710.65,1710.72,1633.9,1638.41,23970826.88
2/17/2023,1638.12,1669.77,1631,1663.7,10977150.81
2/17/2023,1663.71,1665.13,1652,1653.52,4880973.847
2/17/2023,1653.52,1676.16,1648.77,1666.39,7559625.963
2/17/2023,1666.38,1683.65,1646.52,1673.42,15963322.43
2/17/2023,1673.24,1709.19,1662.41,1706.22,20138113.42
2/17/2023,1706.29,1721.8,1670.07,1693.72,22561720.47
2/18/2023,1693.71,1703.9,1692.31,1699.29,5461084.488
2/18/2023,1699.28,1703.97,1685,1690.46,4653609.845
2/18/2023,1690.45,1695.5,1686.04,1691.61,4453669.907
2/18/2023,1691.6,1699.35,1686.64,1695.81,5282912.603
2/18/2023,1695.5,1712.8,1682.89,1687.65,6642584.93
2/18/2023,1687.74,1693.59,1679.62,1691.73,3925768.153
2/19/2023,1691.73,1700.49,1689.46,1695.42,4308706.759
2/19/2023,1695.42,1710,1692.4,1693.21,4612228.905
2/19/2023,1693.22,1700.85,1690.63,1695.37,2940805.431
2/19/2023,1695.37,1724,1694.59,1711.7,7826694.399
2/19/2023,1711.7,1726.2,1676.42,1684.95,13818738.56
2/19/2023,1684.95,1689.07,1666.41,1679.78,9096493.112
2/20/2023,1679.69,1687.07,1651,1684.51,8643593.527
2/20/2023,1684.51,1698,1683.82,1696.01,6326996.505
2/20/2023,1696.01,1719.78,1688.26,1713.5,9729107.488
2/20/2023,1713.74,1716.05,1697,1706.86,9389857.444
2/20/2023,1706.86,1711.01,1684.89,1710.07,8312166.305
2/20/2023,1709.81,1711.96,1692.28,1703.5,4471399.232
2/21/2023,1703.5,1716.5,1698.16,1702.86,7162257.235
2/21/2023,1702.86,1709.54,1695.13,1704.12,5105983.142
2/21/2023,1704.15,1715,1666.39,1669.94,13954613.5
2/21/2023,1669.94,1686.11,1659.2,1672.22,11316481.59
2/21/2023,1672.22,1686.3,1655.91,1672.09,7953952.488
2/21/2023,1672.08,1674.21,1636.1,1659.7,10772078.19
2/22/2023,1659.62,1667.22,1622,1649.47,11128292.51
2/22/2023,1649.56,1649.99,1632,1644.33,5706906.539
2/22/2023,1644.34,1645.91,1625.21,1644.5,6316101.055
2/22/2023,1644.49,1650.4,1605.2,1613.66,10846532.26
2/22/2023,1613.57,1630.3,1596,1616.35,12462357.94
2/22/2023,1616.34,1645.09,1610.94,1643.17,6691913.533
2/23/2023,1643.17,1678.9,1637.6,1667.19,13387927.37
2/23/2023,1667.19,1671.33,1659.33,1666.56,4198638.159
2/23/2023,1666.56,1672.97,1630,1637.53,9540512.086
2/23/2023,1637.42,1671.34,1628.55,1655.8,13922454.03
2/23/2023,1655.79,1661.58,1636.1,1653.04,9386110.081
2/23/2023,1653.03,1658.32,1639.01,1650.5,3584297.171
2/24/2023,1650.51,1664.95,1646.2,1649.32,6150814.664
2/24/2023,1649.31,1656.65,1641.3,1651.83,3849784.101
2/24/2023,1651.82,1657.63,1642.8,1647.34,4770448.568
2/24/2023,1647.33,1654.09,1600,1602.88,12950437.95
2/24/2023,1602.88,1611.52,1575.61,1610.69,18123075.61
2/24/2023,1610.82,1623.1,1594.3,1607.91,8796097.447
2/25/2023,1607.92,1609.08,1595.4,1598.66,3091361.561
2/25/2023,1598.66,1604.07,1594.47,1603.9,3098228.314
2/25/2023,1603.9,1607.4,1596,1600.02,3463776.637
2/25/2023,1600.03,1603.79,1592.01,1596.9,3827004.711
2/25/2023,1596.9,1600.74,1576,1584.72,5451563.241
2/25/2023,1584.72,1597.09,1557.39,1594.57,8250891.325
2/26/2023,1594.56,1606.1,1587.78,1602.88,4077095.259
2/26/2023,1602.88,1603.68,1596.18,1600.05,2097226.383
2/26/2023,1600.05,1607.04,1597.4,1603.99,3242387.768
2/26/2023,1603.96,1615.61,1594.81,1605.11,5261927.749
2/26/2023,1605.11,1636.04,1596.92,1633.34,7353229.301
2/26/2023,1633.16,1652.01,1622.9,1641.42,8239065.499
2/27/2023,1641.42,1650,1632.01,1640.56,3771718.381
2/27/2023,1640.55,1641.01,1631.21,1636.15,3325929.587
2/27/2023,1636.16,1643.35,1632.12,1641.1,3375782.838
2/27/2023,1641.1,1665,1636.9,1644.08,14224694.12
2/27/2023,1644.13,1646.58,1615.8,1622.25,11650002.88
2/27/2023,1622.24,1636.28,1608.08,1633.66,6258889.099
2/28/2023,1633.67,1635.85,1627,1632.94,3478217.316
2/28/2023,1632.94,1632.99,1618.02,1619.14,3622767.979
2/28/2023,1619.38,1631.67,1616.74,1629.58,3258615.786
2/28/2023,1629.57,1647.49,1628.8,1641.03,7761667.333
2/28/2023,1641.04,1646.2,1622.52,1627.83,6192580.04
2/28/2023,1627.84,1632.9,1597.05,1605.26,13032489.03
3/1/2023,1605.46,1640.2,1594.63,1638.13,9644568.58
3/1/2023,1638.12,1661.49,1635.66,1650.36,8504989.133
3/1/2023,1650.4,1669.25,1648.9,1656.2,4778402.598
3/1/2023,1656.2,1669.72,1646.54,1657.54,19100946.55
3/1/2023,1657.44,1660.07,1631.23,1634.93,23151331.53
3/1/2023,1634.68,1666,1631.6,1664.93,11320244.58
3/2/2023,1664.92,1677.87,1644.25,1647.9,7345195.067
3/2/2023,1647.9,1651.54,1639.11,1644.25,2937896.826
3/2/2023,1644.25,1648.65,1637.83,1644.34,3954235.525
3/2/2023,1644.35,1645.29,1619.42,1628.25,12261147.89
3/2/2023,1628.25,1652.5,1621.51,1648.43,10257926.81
3/2/2023,1648.43,1658,1640.4,1647.84,5922980.145
3/3/2023,1647.84,1649.23,1543,1565.55,33764876.92
3/3/2023,1565.54,1576.6,1562.33,1568.27,9231883.776
3/3/2023,1568.14,1574.26,1564,1564.62,6443746.33
3/3/2023,1564.61,1580.63,1560.74,1566.35,7663135.852
3/3/2023,1566.36,1574.6,1551,1565.58,7335198.031
3/3/2023,1565.58,1571.15,1547.41,1569.48,6643771.994
3/4/2023,1569.49,1577.22,1568.25,1570.96,3621959.859
3/4/2023,1570.97,1572.99,1562.8,1568.76,3266839.568
3/4/2023,1568.75,1571.42,1566.83,1569.18,2390888.946
3/4/2023,1569.18,1572.05,1562,1562.08,2935764.985
3/4/2023,1562.09,1565.6,1556.93,1559.49,3439353.92
3/4/2023,1559.5,1568.68,1549.21,1566.8,5607800.471
3/5/2023,1566.8,1588.79,1553.21,1567.9,10961070.65
3/5/2023,1567.9,1573.69,1567.76,1568.57,1934846.812
3/5/2023,1568.57,1573.34,1564.1,1568.58,2503534.716
3/5/2023,1568.59,1574.3,1567.94,1569.12,4103787.444
3/5/2023,1569.13,1571.99,1563.3,1566.21,2566322.356
3/5/2023,1566.2,1578.72,1556.93,1564.64,7594310.758
3/6/2023,1564.63,1572.8,1556.65,1562.56,5903767.861
3/6/2023,1562.56,1565.19,1554.68,1561.36,3148612.216
3/6/2023,1561.36,1568.28,1558,1563.42,2932533.011
3/6/2023,1563.43,1583.31,1561.38,1577.99,5362487.591
3/6/2023,1578,1580.97,1562.73,1566.11,6878299.984
3/6/2023,1566.12,1571.42,1559.32,1565.8,4964978.197
3/7/2023,1565.8,1583.79,1561.54,1575.12,6810865.878
3/7/2023,1575.12,1577.02,1570.92,1571.29,3066431.404
3/7/2023,1571.28,1571.41,1562.62,1563.08,4281051.471
3/7/2023,1563.26,1573,1536,1560.87,15849844
3/7/2023,1560.87,1565.38,1547.97,1551.23,8557676.813
3/7/2023,1551.08,1563.6,1543.4,1562.1,7490184.844
3/8/2023,1562.1,1570.9,1557.73,1562.13,5929639.722
3/8/2023,1562.13,1563.39,1548.13,1551.3,3922426.375
3/8/2023,1551.3,1561.58,1549.88,1557.29,3783317.812
3/8/2023,1557.29,1565.75,1540.98,1560.22,10299771.78
3/8/2023,1560.23,1564.92,1548.6,1552.59,5220490.634
3/8/2023,1552.59,1561.04,1522.67,1532.61,9623400.649
3/9/2023,1532.6,1544.9,1531.41,1541.57,4861166.767
3/9/2023,1541.57,1541.73,1536.21,1536.83,2204487.067
3/9/2023,1537.03,1538.99,1523.8,1535.33,5306620.305
3/9/2023,1535.34,1546.26,1527.31,1533.85,5031507.817
3/9/2023,1533.85,1537.64,1481.26,1488,20076868.35
3/9/2023,1488.2,1489.66,1409.36,1437.51,32609065.63
3/10/2023,1437.5,1437.51,1409.32,1426.28,13335520.22
3/10/2023,1426.28,1426.53,1391.53,1412.08,11900288.94
3/10/2023,1412.08,1413.25,1366.96,1384.5,14285700.23
3/10/2023,1384.5,1434.43,1381.67,1417.09,28545754.4
3/10/2023,1417.09,1438.29,1400.61,1423.45,14630308.64
3/10/2023,1423.52,1433.15,1406.61,1426.47,13599143.2
3/11/2023,1426.47,1475,1424.81,1458.51,26633869.04
3/11/2023,1458.28,1466.26,1414.73,1417.09,24381881.73
3/11/2023,1417.08,1450.48,1408.41,1427.27,18634824.73
3/11/2023,1427.24,1435.81,1425.59,1428.21,6334920.649
3/11/2023,1428.21,1456.24,1422.18,1448.99,12450388.71
3/11/2023,1448.99,1477.57,1448.99,1472.07,9090534.17
3/12/2023,1472.07,1473.78,1453.5,1466.75,7828694.937
3/12/2023,1466.75,1471.12,1454.04,1459.5,5235705.892
3/12/2023,1459.5,1467.36,1458.2,1465.23,4374650.161
3/12/2023,1465.23,1466.09,1449.12,1456.12,6951951.872
3/12/2023,1456.12,1547.5,1453.88,1512.21,29825302.71
3/12/2023,1512.31,1594.83,1510.45,1579.95,30769288.87
3/13/2023,1579.81,1621.7,1572.98,1588.27,20523532.88
3/13/2023,1588.1,1615.85,1587.04,1606.67,13111166.11
3/13/2023,1606.67,1608.16,1564,1581,17808119.85
3/13/2023,1580.99,1694.3,1572.5,1664.32,46933775.62
3/13/2023,1664.42,1685.32,1647.32,1677.6,17796844.52
3/13/2023,1677.73,1681.1,1659.72,1673.64,7592121.273
3/14/2023,1673.74,1684,1662.68,1677.19,8424545.898
3/14/2023,1677.23,1694.07,1660,1666.45,8495623.752
3/14/2023,1666.77,1689.62,1655.57,1683.51,9920725.37
3/14/2023,1683.52,1777,1670.85,1769.46,47647987.28
3/14/2023,1769.45,1774.66,1687.91,1719.77,27302641.47
3/14/2023,1720.02,1726.79,1660,1699.61,16230087.11
3/15/2023,1699.37,1716.56,1681.69,1701.37,10879953.98
3/15/2023,1701.37,1707.58,1693,1705.02,5213566.604
3/15/2023,1704.65,1705.51,1651.9,1679.54,10726604.44
3/15/2023,1679.54,1697.74,1626.1,1634.08,19560376.59
3/15/2023,1634.34,1655.5,1611.4,1647.63,16990073.89
3/15/2023,1647.7,1664.27,1638,1650.23,7371179.111
3/16/2023,1650.23,1659.37,1631.88,1646.19,5180371.873
3/16/2023,1646.19,1659.63,1636.9,1655.54,4901256.426
3/16/2023,1655.7,1669.97,1639.51,1660.23,8953863.394
3/16/2023,1660.57,1666.28,1636.32,1662.72,9164688.049
3/16/2023,1662.91,1691.42,1652.9,1679.7,9391307.036
3/16/2023,1679.7,1681.86,1652.6,1673.49,6367350.498
3/17/2023,1673.49,1724.4,1662.82,1708.23,12762499.66
3/17/2023,1708.4,1731,1696.51,1715.77,8447868.595
3/17/2023,1715.77,1763.59,1710.8,1760.99,16611972.31
3/17/2023,1761,1761.87,1703.15,1717.5,17490933.96
3/17/2023,1717.4,1743.96,1709.7,1743.53,10203227.69
3/17/2023,1743.53,1799.4,1732.49,1789.21,20922997.93
3/18/2023,1789.21,1831.99,1767.62,1810.57,18348528.87
3/18/2023,1810.47,1821.41,1801.71,1814.12,4982843.214
3/18/2023,1814.12,1817.51,1791.02,1813.2,6322773.411
3/18/2023,1813.21,1841.49,1775.24,1785.64,14424017.82
3/18/2023,1785.64,1803.28,1746.2,1790.01,13762149.84
3/18/2023,1790.02,1800.9,1751.29,1758.67,7094486.538
3/19/2023,1758.68,1785.98,1757.96,1782.23,4042992.594
3/19/2023,1782.23,1786.4,1761.66,1774.7,3190386.013
3/19/2023,1774.71,1788.69,1765.81,1784.39,4884494
3/19/2023,1784.67,1812.3,1773.28,1793.95,8676746.185
3/19/2023,1793.88,1841.2,1791.93,1821.47,14989179.21
3/19/2023,1821.03,1827.8,1773.43,1780.7,10628057.03
3/20/2023,1780.74,1785.33,1742,1751.25,13750757.73
3/20/2023,1751.04,1793.34,1737.3,1791.36,8861348.747
3/20/2023,1791.55,1803,1767.25,1779.13,11823648.27
3/20/2023,1779.4,1782.33,1751.3,1762.68,10056794.9
3/20/2023,1762.68,1768.69,1741.07,1752.69,8986206.301
3/20/2023,1752.69,1761.57,1723.32,1732.79,10364937.26
3/21/2023,1732.62,1757.55,1728.93,1746.01,5897184.007
3/21/2023,1746,1753.99,1717.4,1730.22,6268352.725
3/21/2023,1730.22,1767.59,1725,1761.41,6377622.446
3/21/2023,1761.41,1834.99,1758.21,1812.61,21072249.3
3/21/2023,1812.61,1825.64,1772.64,1791.02,15395694.5
3/21/2023,1791.01,1805.5,1780.89,1800.97,6166855.877
3/22/2023,1801.08,1807.5,1778.27,1799.62,4896774.484
3/22/2023,1799.49,1807.39,1787.15,1792.53,3342211.758
3/22/2023,1792.54,1793.88,1781.3,1785.45,4027446.962
3/22/2023,1785.14,1819.52,1783.36,1806.04,10962751.52
3/22/2023,1806.32,1810.39,1710.4,1716.58,36218567.37
3/22/2023,1716.98,1738.49,1710.36,1734.36,12494251.3
3/23/2023,1734.35,1745,1729.4,1737.29,4702670.011
3/23/2023,1737.29,1753.3,1730.76,1750.7,4634854.833
3/23/2023,1750.7,1758.83,1744.17,1754.77,10331734.18
3/23/2023,1754.77,1856,1741.04,1837.08,32324846.45
3/23/2023,1837.09,1841.31,1792.8,1821,23218348.27
3/23/2023,1820.68,1821.45,1803.11,1813.74,7435941.17
3/24/2023,1813.73,1818.42,1806.71,1812.28,3910748.064
3/24/2023,1812.28,1817.4,1803.5,1815.36,2697183.388
3/24/2023,1815.49,1816.56,1730,1747.47,14110945.07
3/24/2023,1747.61,1784.98,1743.51,1766.82,17296484.07
3/24/2023,1766.82,1769.55,1726.42,1763.72,13537278.72
3/24/2023,1763.8,1764.31,1728.99,1749.5,10085952.58
3/25/2023,1749.62,1762.36,1746.53,1756.26,3306047.464
3/25/2023,1756.26,1758.91,1741.98,1747.14,2980401.011
3/25/2023,1747.28,1750.48,1736.14,1745.27,3506242.482
3/25/2023,1745.26,1763.7,1738.96,1754.67,5479684.981
3/25/2023,1754.75,1757.88,1715.58,1717.11,6794855.84
3/25/2023,1717.1,1743.42,1713.68,1741.9,4455497.341
3/26/2023,1741.9,1756.64,1739.37,1749.52,4777546.323
3/26/2023,1749.52,1755.74,1746.1,1752.28,2014305.923
3/26/2023,1752.28,1787.24,1749.27,1777.78,7747601.788
3/26/2023,1777.78,1799.67,1754.22,1763.16,13415504.08
3/26/2023,1763.01,1772,1754.5,1765.9,3997084.231
3/26/2023,1765.9,1782.75,1754.57,1773.79,4124315.755
3/27/2023,1773.79,1780.4,1759,1765.35,4111457.86
3/27/2023,1765.35,1767.77,1746.91,1752.38,4455507.041
3/27/2023,1752.38,1770.31,1749.67,1765.53,5412647.61
3/27/2023,1765.53,1769.26,1687.61,1711.75,19421899.64
3/27/2023,1711.76,1731.99,1701.4,1704.48,10339245.24
3/27/2023,1704.49,1717.19,1696.6,1715.32,6398290.546
3/28/2023,1715.33,1727.4,1701.61,1711.78,4865677.606
3/28/2023,1711.8,1735.4,1709.9,1724.39,4646659.638
3/28/2023,1724.56,1754.47,1710.1,1745.38,7600915.737
3/28/2023,1745.39,1751.14,1730.38,1744.31,8552669.131
3/28/2023,1744.14,1795.39,1727.3,1785.79,15106858.47
3/28/2023,1785.78,1789.95,1762.15,1772.78,5215929.2
3/29/2023,1772.96,1788.76,1772.35,1777.95,4130219.486
3/29/2023,1777.95,1818,1777.95,1804.91,9033450.993
3/29/2023,1804.91,1827.74,1799.84,1811.27,8939699.171
3/29/2023,1811.27,1816.28,1792.46,1807.86,8243395.718
3/29/2023,1807.83,1811.88,1792.02,1809.06,5476884.173
3/29/2023,1809.09,1809.36,1782.9,1792.99,5654812.86
3/30/2023,1792.99,1829.7,1766.52,1788.08,14895723.08
3/30/2023,1787.7,1812.64,1785.75,1806.39,6643128.277
3/30/2023,1806.38,1808.29,1793.2,1804.62,4489423.832
3/30/2023,1804.62,1805.67,1784.21,1789.2,7334451.51
3/30/2023,1789.19,1791.92,1763,1781.27,9418474.662
3/30/2023,1781.81,1798.4,1779.1,1793.59,5746311.204
3/31/2023,1793.59,1817.83,1789.31,1803.21,4627999.902
3/31/2023,1803.22,1808.29,1778.85,1795.02,3777305.446
3/31/2023,1795.32,1799.76,1786.29,1793.2,3862048.308
3/31/2023,1793.2,1847.18,1790.39,1830.48,17524901.36
3/31/2023,1830.47,1834.48,1818.7,1829.23,6276519.474
3/31/2023,1829.15,1829.76,1814.62,1821.95,4042698.739
4/1/2023,1821.95,1842.72,1819.84,1826.24,4110844.144